commit,parent_commit,timestamp,status,hypothesis,prediction,config_diff,primary_metric,delta_vs_parent,verdict_allocator,allocator_p_value,allocator_ci_low,allocator_ci_high,verdict_ndcg,classifier_primary_metric,classifier_delta_vs_parent,verdict_gate,gate_p_value,gate_ci_low,gate_ci_high,verdict_gate_return,stability_std,stability_min,metadata_path,override_reason,note,error
50c19a21,,2026-06-23T21:08:20+00:00,success,Baseline run of the initial configuration,Baseline run,,0.00265286049552,,significant_improvement,0.0201575905214,0.000744125630791,0.00463239188373,significant_improvement,0.0454843971929,,significant_improvement,6.97747780587e-05,0.0131734641446,0.0363085379387,within_noise,0.00932883634841,-0.00238769524987,/Users/richard/Desktop/pp/finance/StockWatch/.research/research_runs/20260623T210654548397Z/metadata.json,,,
ea58a42e,50c19a21,2026-06-23T21:36:11+00:00,success,Volatility windows are a noise family for the ranker; dropping them reduces basket variance without losing rank signal,"ranker top-k net return up or flat, stab_std down, IC roughly unchanged","model_features.ranker.volatility_windows: [5, 10, 20] -> []",0.00267409107893,2.12305834044e-05,within_noise,0.920637467715,-0.000178475730167,0.000202509122959,within_noise,0.0454843971929,0,within_noise,1,0,0,within_noise,0.0092595308785,-0.00226712234407,/Users/richard/Desktop/pp/finance/StockWatch/.research/research_runs/20260623T213452645085Z/metadata.json,,,
5b0c29a3,50c19a21,2026-06-23T21:37:30+00:00,success,Runup windows are redundant momentum noise for the ranker; pruning them tightens the traded basket,"ranker top-k net return up or flat, stab_std down","model_features.ranker.runup_windows: [1, 3, 10] -> []",0.00259815523531,-5.47052602181e-05,within_noise,0.511461919887,-0.000252867428025,0.000123608209108,within_noise,0.0454843971929,0,within_noise,1,0,0,within_noise,0.00923294777684,-0.00195507385771,/Users/richard/Desktop/pp/finance/StockWatch/.research/research_runs/20260623T213613840262Z/metadata.json,,,
09431b1e,50c19a21,2026-06-23T21:38:49+00:00,success,Adding a short cross-sectional return window (5) gives the ranker the same short-horizon return driver that lifted the classifier,"ranker top-k net return up, IC up","model_features.ranker.cs_return_windows: [10, 20] -> [5, 10, 20]",0.00273239914532,7.95386497966e-05,within_noise,0.388875564267,-8.51623333431e-05,0.000244426325888,within_noise,0.0454843971929,0,within_noise,1,0,0,within_noise,0.00929926991577,-0.00196835232735,/Users/richard/Desktop/pp/finance/StockWatch/.research/research_runs/20260623T213732724110Z/metadata.json,,,
b1e23dc0,50c19a21,2026-06-23T21:40:57+00:00,success,"Short cross-sectional return windows carry the ranker's edge; dropping the long 20-window and keeping only [5,10] sharpens it","ranker top-k net return up vs both baseline and the [5,10,20] probe","model_features.ranker.cs_return_windows: [10, 20] -> [5, 10]",0.00274401408563,9.11535901075e-05,within_noise,0.294780103154,-8.30673098235e-05,0.000285300884234,within_noise,0.0454843971929,0,within_noise,1,0,0,within_noise,0.00915789612952,-0.00203781607294,/Users/richard/Desktop/pp/finance/StockWatch/.research/research_runs/20260623T213942476437Z/metadata.json,,,
17db4d45,50c19a21,2026-06-23T21:42:12+00:00,success,Overextension windows are a noise family for the ranker; pruning them reduces basket variance,"ranker top-k net return up or flat, stab_std down","model_features.ranker.overextension_windows: [10, 20] -> []",0.00256556394432,-8.72965512075e-05,within_noise,0.203419804374,-0.000238241904279,5.6488677388e-05,within_noise,0.0454843971929,0,within_noise,1,0,0,within_noise,0.00917133833442,-0.002197550152,/Users/richard/Desktop/pp/finance/StockWatch/.research/research_runs/20260623T214059802808Z/metadata.json,,,
8bd18d09,50c19a21,2026-06-23T21:43:31+00:00,success,A short cross-sectional volatility window (5) gives the ranker the cs_volatility return driver that lifted the classifier,"ranker top-k net return up, min drawdown improved","model_features.ranker.cs_volatility_windows: [10, 20] -> [5, 10, 20]",0.0025753792177,-7.74812778287e-05,within_noise,0.269298038312,-0.000236952627692,6.72707408237e-05,significant_regression,0.0454843971929,0,within_noise,1,0,0,within_noise,0.00945250832695,-0.0022459523983,/Users/richard/Desktop/pp/finance/StockWatch/.research/research_runs/20260623T214214659792Z/metadata.json,,,
0a38647e,b1e23dc0,2026-06-23T21:45:16+00:00,success,"Stacking the volatility-window prune onto the best cs_return [5,10] config compounds the return lift with variance reduction","ranker top-k net return up vs b1e23dc0, stab_std down","model_features.ranker.volatility_windows: [5, 10, 20] -> []",0.00273592738462,-8.08670101172e-06,within_noise,0.867488339395,-0.000188602643527,0.000165179389143,within_noise,0.0454843971929,0,within_noise,1,0,0,within_noise,0.00927106265438,-0.00245204402948,/Users/richard/Desktop/pp/finance/StockWatch/.research/research_runs/20260623T214400096224Z/metadata.json,,,
f00a14c7,50c19a21,2026-06-23T21:46:37+00:00,success,"An even shorter cross-sectional return set [3,5,10] captures more of the short-horizon driver","ranker top-k net return up vs the [5,10] probe","model_features.ranker.cs_return_windows: [10, 20] -> [3, 5, 10]",0.00274018440447,8.73239089495e-05,within_noise,0.313761435675,-9.46904704776e-05,0.00028206624119,within_noise,0.0454843971929,0,within_noise,1,0,0,within_noise,0.00917884453994,-0.00218651980185,/Users/richard/Desktop/pp/finance/StockWatch/.research/research_runs/20260623T214519227092Z/metadata.json,,,
83f6424d,50c19a21,2026-06-23T21:47:36+00:00,success,Drawdown windows are a noise family for the ranker; pruning them reduces basket variance,"ranker top-k net return up or flat, stab_std down","model_features.ranker.drawdown_windows: [10, 20] -> []",0.00261867125261,-3.41892429133e-05,within_noise,0.689754330265,-0.000226727554599,0.000162187782723,significant_regression,0.0454843971929,0,within_noise,1,0,0,within_noise,0.0093842105118,-0.00236718127016,/Users/richard/Desktop/pp/finance/StockWatch/.research/research_runs/20260623T214640107165Z/metadata.json,,,
b8fcea02,b1e23dc0,2026-06-23T21:49:31+00:00,success,Relative-volume windows are a noise family for the ranker; pruning them off the champion reduces basket variance without losing signal,"ranker top-k net return up or flat vs b1e23dc0, stab_std down","model_features.ranker.relative_volume_windows: [20, 50] -> []",0.002562788064,-0.000181226021627,within_noise,0.151941089444,-0.000425137509598,4.94310379622e-05,within_noise,0.0454843971929,0,within_noise,1,0,0,within_noise,0.0092303757781,-0.00180248470434,/Users/richard/Desktop/pp/finance/StockWatch/.research/research_runs/20260623T214812666460Z/metadata.json,,,
d755622a,b1e23dc0,2026-06-23T21:50:50+00:00,success,Volume-quality windows are a noise family for the ranker; pruning them off the champion tightens the basket,"ranker top-k net return up or flat vs b1e23dc0, stab_std down","model_features.ranker.volume_quality_windows: [10, 20] -> []",0.00279753135295,5.35172673217e-05,within_noise,0.60748765998,-0.000153942736159,0.000255928632906,within_noise,0.0454843971929,0,within_noise,1,0,0,within_noise,0.00918987322741,-0.00156597032382,/Users/richard/Desktop/pp/finance/StockWatch/.research/research_runs/20260623T214933977145Z/metadata.json,,,
a36ee4e0,b1e23dc0,2026-06-23T21:52:09+00:00,success,"Adding a short sector-return window [10,21] gives the ranker the sector context that helped the classifier lineage",ranker top-k net return up vs b1e23dc0,"model_features.ranker.sector_return_windows: [21] -> [10, 21]",0.00268492096059,-5.90931250463e-05,within_noise,0.497696320259,-0.000277561545975,0.000126360844786,within_noise,0.0454843971929,0,within_noise,1,0,0,within_noise,0.00923365284117,-0.0020763744066,/Users/richard/Desktop/pp/finance/StockWatch/.research/research_runs/20260623T215052985843Z/metadata.json,,,
af8231cb,d755622a,2026-06-23T21:54:24+00:00,success,"Cross-sectional volume-quality windows are noise for the ranker, mirroring the own-stock volume_quality win; pruning them off the champion helps","ranker top-k net return up vs d755622a, stab_std down","model_features.ranker.cs_volume_quality_windows: [10, 20] -> []",0.00270290382471,-9.46275282413e-05,within_noise,0.336993990471,-0.000326657190584,0.000102420061353,within_noise,0.0454843971929,0,within_noise,1,0,0,within_noise,0.00926026971889,-0.00219694283576,/Users/richard/Desktop/pp/finance/StockWatch/.research/research_runs/20260623T215307157381Z/metadata.json,,,
18571075,d755622a,2026-06-23T21:55:39+00:00,success,Only the shortest cross-sectional return window (5) carries the edge; dropping 10 leans the champion further,ranker top-k net return up vs d755622a,"model_features.ranker.cs_return_windows: [5, 10] -> [5]",0.00272648618023,-7.10451727243e-05,within_noise,0.30377344204,-0.000258505471468,7.51935608433e-05,within_noise,0.0454843971929,0,within_noise,1,0,0,within_noise,0.00926898497075,-0.00225961363307,/Users/richard/Desktop/pp/finance/StockWatch/.research/research_runs/20260623T215426509184Z/metadata.json,,,
7e093026,d755622a,2026-06-23T21:56:50+00:00,success,The long 50-bar SMA is redundant own-stock trend noise for the ranker; keeping only the 20 SMA tightens it,ranker top-k net return up or flat vs d755622a,"model_features.ranker.sma_windows: [20, 50] -> [20]",0.00269826686122,-9.92644917314e-05,within_noise,0.201070712015,-0.000278292557927,6.99508628838e-05,within_noise,0.0454843971929,0,within_noise,1,0,0,within_noise,0.00927357119942,-0.00174312566805,/Users/richard/Desktop/pp/finance/StockWatch/.research/research_runs/20260623T215541397189Z/metadata.json,,,
3fc33c40,d755622a,2026-06-23T21:58:50+00:00,success,Wider trees let the ranker capture cross-sectional feature interactions in the BGU+SI basket,"ranker top-k net return up, stab_std may rise",ranker.num_leaves: 31 -> 63,0.00273967676803,-5.78545849241e-05,within_noise,0.432097481823,-0.000170678441516,6.6817368482e-05,within_noise,0.0454843971929,0,within_noise,1,0,0,within_noise,0.0089927608148,-0.00158725920829,/Users/richard/Desktop/pp/finance/StockWatch/.research/research_runs/20260623T215719616328Z/metadata.json,,,
c7602580,d755622a,2026-06-23T22:00:11+00:00,success,More estimators let the ranker exploit the lean feature set more fully,"ranker top-k net return up, training cost up",ranker.n_estimators: 200 -> 300,0.00285056859238,5.30372394311e-05,within_noise,0.313296621484,-4.5902706472e-05,0.000177484902155,within_noise,0.0454843971929,0,within_noise,1,0,0,within_noise,0.00910084808598,-0.00154620441008,/Users/richard/Desktop/pp/finance/StockWatch/.research/research_runs/20260623T215852932793Z/metadata.json,,,
0a5c5ddc,d755622a,2026-06-23T22:01:24+00:00,success,"Stronger leaf regularization reduces overfitting on the small traded universe, improving the top-k basket","ranker top-k net return up, stab_std down",ranker.min_data_in_leaf: 20 -> 50,0.00260896412534,-0.000188567227616,within_noise,0.102891845103,-0.000431788736817,3.0148377461e-05,within_noise,0.0454843971929,0,within_noise,1,0,0,within_noise,0.00919165022399,-0.00194633460094,/Users/richard/Desktop/pp/finance/StockWatch/.research/research_runs/20260623T220013980066Z/metadata.json,,,
57cff429,c7602580,2026-06-23T22:03:25+00:00,success,Pushing estimators to 400 extends the gain seen going 200->300,ranker top-k net return up vs c7602580,ranker.n_estimators: 300 -> 400,0.00273514994631,-0.000115418646075,within_noise,0.0526258689223,-0.000256802120134,-1.5048328734e-05,within_noise,0.0454843971929,0,within_noise,1,0,0,within_noise,0.00911451802908,-0.00152794341302,/Users/richard/Desktop/pp/finance/StockWatch/.research/research_runs/20260623T220204645233Z/metadata.json,,,
c3fc106b,c7602580,2026-06-23T22:04:54+00:00,success,500 estimators find the saturation point of the more-trees lever,"ranker top-k net return up, or flat if saturating",ranker.n_estimators: 300 -> 500,0.0026899657804,-0.00016060281198,significant_regression,0.0115238288811,-0.00030446624525,-5.71037677071e-05,within_noise,0.0454843971929,0,within_noise,1,0,0,within_noise,0.00912661557034,-0.00157314250268,/Users/richard/Desktop/pp/finance/StockWatch/.research/research_runs/20260623T220327903014Z/metadata.json,,,
7354bb65,c7602580,2026-06-23T22:06:13+00:00,success,A slower learning rate paired with the now-larger ensemble improves generalization of the ranking,"ranker top-k net return up, stab_std down",ranker.learning_rate: 0.05 -> 0.03,0.0027259887689,-0.000124579823487,within_noise,0.103882491726,-0.000306421470798,1.55802222358e-05,within_noise,0.0454843971929,0,within_noise,1,0,0,within_noise,0.00920873111855,-0.00162503467951,/Users/richard/Desktop/pp/finance/StockWatch/.research/research_runs/20260623T220456956897Z/metadata.json,,,
feaef06b,c7602580,2026-06-23T22:07:55+00:00,success,The n_estimators optimum sits between 200 and 300; 250 may match or beat 300,ranker top-k net return near or above c7602580,ranker.n_estimators: 300 -> 250,0.00283172567367,-1.88429187101e-05,within_noise,0.375158268091,-6.53603627287e-05,2.50254443719e-05,within_noise,0.0454843971929,0,within_noise,1,0,0,within_noise,0.00909389749181,-0.00149850528582,/Users/richard/Desktop/pp/finance/StockWatch/.research/research_runs/20260623T220644607210Z/metadata.json,,,
a64bacd9,c7602580,2026-06-23T22:09:24+00:00,success,350 estimators is just past the 300 peak but may still beat it before the 400 falloff,ranker top-k net return near c7602580,ranker.n_estimators: 300 -> 350,0.00275110018807,-9.9468404319e-05,within_noise,0.0914619611957,-0.000232704034302,3.12476233809e-06,within_noise,0.0454843971929,0,within_noise,1,0,0,within_noise,0.00912873749929,-0.00153698178204,/Users/richard/Desktop/pp/finance/StockWatch/.research/research_runs/20260623T220757853043Z/metadata.json,,,
fa4f1ad7,c7602580,2026-06-23T22:10:49+00:00,success,A faster learning rate (slower hurt) lets the 300-tree ensemble fit the BGU basket better,ranker top-k net return up vs c7602580,ranker.learning_rate: 0.05 -> 0.07,0.00266725547366,-0.000183313118725,significant_regression,0.0332806290686,-0.000373557008896,-2.56258794181e-05,within_noise,0.0454843971929,0,within_noise,1,0,0,within_noise,0.00915673629265,-0.00197139069131,/Users/richard/Desktop/pp/finance/StockWatch/.research/research_runs/20260623T220927129945Z/metadata.json,,,
3ccb67f4,c7602580,2026-06-23T22:12:35+00:00,success,Column subsampling at 0.8 decorrelates the 300 trees and improves the top-k basket,"ranker top-k net return up vs c7602580, stab_std down",ranker.feature_fraction: 1 -> 0.8,0.00270073270357,-0.000149835888813,within_noise,0.0789602321915,-0.000344822006405,1.41671214531e-05,within_noise,0.0454843971929,0,within_noise,1,0,0,within_noise,0.00928096381616,-0.00208656072958,/Users/richard/Desktop/pp/finance/StockWatch/.research/research_runs/20260623T221116544327Z/metadata.json,,,
24f3187f,c7602580,2026-06-23T22:13:56+00:00,success,Heavier column subsampling at 0.6 maps the feature_fraction direction,ranker top-k net return moves monotonically with the 0.8 probe,ranker.feature_fraction: 1 -> 0.6,0.00273394136179,-0.000116627230598,within_noise,0.129050498075,-0.000274733318117,2.20568589489e-05,within_noise,0.0454843971929,0,within_noise,1,0,0,within_noise,0.00922484576951,-0.00154297084676,/Users/richard/Desktop/pp/finance/StockWatch/.research/research_runs/20260623T221238044181Z/metadata.json,,,
cbf54bed,c7602580,2026-06-23T22:15:19+00:00,success,Capping tree depth at 8 regularizes the ensemble without the over-regularization seen at min_data_in_leaf 50,ranker top-k net return up or flat vs c7602580,ranker.max_depth: -1 -> 8,0.00266809557376,-0.000182473018627,within_noise,0.0983503723883,-0.000424467859645,8.57423351736e-06,within_noise,0.0454843971929,0,within_noise,1,0,0,within_noise,0.00927449221614,-0.00148146543896,/Users/richard/Desktop/pp/finance/StockWatch/.research/research_runs/20260623T221359175953Z/metadata.json,,,
487b60fc,c7602580,2026-06-23T22:17:11+00:00,success,Pushing the top relevance grade higher (0.95) makes the ranker focus on the extreme winners that dominate the traded top-k,ranker top-k net return up vs c7602580,"ranker.relevance_bins: [-Infinity, 0.5, 0.75, 0.9, Infinity] -> [-Infinity, 0.5, 0.8, 0.95, Infinity]",0.00261109055108,-0.000239478041301,within_noise,0.0554758993921,-0.000508984649022,-4.10809639705e-06,within_noise,0.0454843971929,0,within_noise,1,0,0,within_noise,0.00904947517363,-0.00175517839712,/Users/richard/Desktop/pp/finance/StockWatch/.research/research_runs/20260623T221556716561Z/metadata.json,,,
3a80b9fc,c7602580,2026-06-23T22:18:30+00:00,success,"Adding a fifth, very-high relevance grade (0.97) gives the ranker finer resolution at the very top it actually trades",ranker top-k net return up vs c7602580,"ranker.relevance_bins: [-Infinity, 0.5, 0.75, 0.9, Infinity] -> [-Infinity, 0.5, 0.75, 0.9, 0.97, Infinity]",0.0027663429068,-8.42256855803e-05,within_noise,0.322075855366,-0.000314606333951,0.00011302898893,within_noise,0.0454843971929,0,within_noise,1,0,0,within_noise,0.0092982633326,-0.00211395231815,/Users/richard/Desktop/pp/finance/StockWatch/.research/research_runs/20260623T221714060130Z/metadata.json,,,
bc162522,c7602580,2026-06-23T22:19:53+00:00,success,Raising the lowest grade boundary to 0.6 stops the ranker wasting capacity separating below-median names,ranker top-k net return up or flat vs c7602580,"ranker.relevance_bins: [-Infinity, 0.5, 0.75, 0.9, Infinity] -> [-Infinity, 0.6, 0.8, 0.9, Infinity]",0.0026904567709,-0.000160111821484,within_noise,0.0648604484089,-0.000353257350619,9.9801570849e-06,within_noise,0.0454843971929,0,within_noise,1,0,0,within_noise,0.00928986595802,-0.00161141814206,/Users/richard/Desktop/pp/finance/StockWatch/.research/research_runs/20260623T221833144882Z/metadata.json,,,
a16719fd,c7602580,2026-06-23T22:21:43+00:00,success,Adding a 20-bar own-stock return window gives the ranker a longer momentum carrier alongside the short ones,ranker top-k net return up vs c7602580,"model_features.ranker.return_windows: [1, 3, 5, 10] -> [1, 3, 5, 10, 20]",0.00246888290864,-0.000381685683745,significant_regression,0.00219486700804,-0.000667697554815,-0.000147890237532,within_noise,0.0454843971929,0,within_noise,1,0,0,within_noise,0.00891970208947,-0.00228681499223,/Users/richard/Desktop/pp/finance/StockWatch/.research/research_runs/20260623T222025121930Z/metadata.json,,,
9e3c2758,c7602580,2026-06-23T22:23:09+00:00,success,Adding a 50-bar EMA gives the ranker a longer trend carrier,ranker top-k net return up vs c7602580,"model_features.ranker.ema_windows: [8, 21] -> [8, 21, 50]",0.00272739490512,-0.000123173687261,within_noise,0.138386793434,-0.000312898474269,2.86576223403e-05,within_noise,0.0454843971929,0,within_noise,1,0,0,within_noise,0.00909871368583,-0.00160496677215,/Users/richard/Desktop/pp/finance/StockWatch/.research/research_runs/20260623T222146339852Z/metadata.json,,,
1287485c,c7602580,2026-06-23T22:24:36+00:00,success,The 50-bar relative-volume window is the carrier; keeping only [20] is a milder trim than the full prune that hurt,ranker top-k net return up or flat vs c7602580 (unlike the full relvol prune),"model_features.ranker.relative_volume_windows: [20, 50] -> [20]",0.00253058811359,-0.000319980478791,significant_regression,0.00278059472449,-0.000547619191191,-0.00014310362961,within_noise,0.0454843971929,0,within_noise,1,0,0,within_noise,0.00919950344428,-0.00164449905084,/Users/richard/Desktop/pp/finance/StockWatch/.research/research_runs/20260623T222311519906Z/metadata.json,,,
882be7d3,c7602580,2026-06-23T22:26:42+00:00,success,Sector-return context is noise for the BGU ranker; pruning the lone [21] window leans it (adding a 10 window already hurt),ranker top-k net return up or flat vs c7602580,model_features.ranker.sector_return_windows: [21] -> [],0.00282931293938,-2.12556530008e-05,within_noise,0.718744101287,-0.00018985246729,0.000145869649264,within_noise,0.0454843971929,0,within_noise,1,0,0,within_noise,0.00919270754604,-0.0019216061096,/Users/richard/Desktop/pp/finance/StockWatch/.research/research_runs/20260623T222529265990Z/metadata.json,,,
f4cc582d,c7602580,2026-06-23T22:28:09+00:00,success,The boolean signal features carry ranking information for the ranker; removing them should drop top-k net return,ranker top-k net return down vs c7602580 if signals are pulling weight,model_features.ranker.include_signals: true -> false,0.00285056859238,0,within_noise,1,0,0,within_noise,0.0454843971929,0,within_noise,1,0,0,within_noise,0.00910084808598,-0.00154620441008,/Users/richard/Desktop/pp/finance/StockWatch/.research/research_runs/20260623T222644444028Z/metadata.json,,,
f8c088eb,c7602580,2026-06-23T22:29:31+00:00,success,The 20-bar cross-sectional volatility window is noise; keeping only [10] (as the classifier does) leans the ranker,ranker top-k net return up or flat vs c7602580,"model_features.ranker.cs_volatility_windows: [10, 20] -> [10]",0.0028014346286,-4.91339637831e-05,within_noise,0.500847714659,-0.000242003522445,0.000122420012698,within_noise,0.0454843971929,0,within_noise,1,0,0,within_noise,0.00914195864312,-0.00193349098138,/Users/richard/Desktop/pp/finance/StockWatch/.research/research_runs/20260623T222811415476Z/metadata.json,,,
15671e41,c7602580,2026-06-23T22:31:28+00:00,success,Fewer leaves (23) with the larger 300-tree ensemble is the classic shallow-but-many boosting regime and may beat 31 leaves,"ranker top-k net return up vs c7602580, stab_std down",ranker.num_leaves: 31 -> 23,0.00260751719458,-0.000243051397808,significant_regression,0.00834752355263,-0.000456424080312,-8.34357649694e-05,within_noise,0.0454843971929,0,within_noise,1,0,0,within_noise,0.00918706991373,-0.00187044227685,/Users/richard/Desktop/pp/finance/StockWatch/.research/research_runs/20260623T223013630493Z/metadata.json,,,
e74b6ef5,c7602580,2026-06-23T22:32:47+00:00,success,Slightly less leaf regularization (min_data_in_leaf 10) lets the 300 trees fit the BGU basket finer (opposite of the failed 50),ranker top-k net return up vs c7602580,ranker.min_data_in_leaf: 20 -> 10,0.00267295679602,-0.000177611796365,within_noise,0.189383616683,-0.000432248513192,6.33690508114e-05,within_noise,0.0454843971929,0,within_noise,1,0,0,within_noise,0.0087871568765,-0.0015102726952,/Users/richard/Desktop/pp/finance/StockWatch/.research/research_runs/20260623T223130822166Z/metadata.json,,,
89c0f6fb,c7602580,2026-06-23T22:34:06+00:00,success,"The 10-bar own-stock return is redundant with the cross-sectional returns; trimming to [1,3,5] leans the carrier set",ranker top-k net return up or flat vs c7602580,"model_features.ranker.return_windows: [1, 3, 5, 10] -> [1, 3, 5]",0.00277770534512,-7.28632472662e-05,within_noise,0.441145464292,-0.000273687120556,0.000132913744594,within_noise,0.0454843971929,0,within_noise,1,0,0,within_noise,0.00919989879364,-0.00195843677231,/Users/richard/Desktop/pp/finance/StockWatch/.research/research_runs/20260623T223249912949Z/metadata.json,,,
2cf06000,c7602580,2026-06-23T22:36:06+00:00,success,"Ablation: reverting cs_return to [10,20] should regress, confirming the short [5,10] windows still carry the edge at 300 trees",ranker top-k net return down vs c7602580,"model_features.ranker.cs_return_windows: [5, 10] -> [10, 20]",0.00265659543034,-0.000193973162045,significant_regression,0.0124298164544,-0.000387123655242,-2.73860628829e-05,significant_regression,0.0454843971929,0,within_noise,1,0,0,within_noise,0.00919010268958,-0.00211933883065,/Users/richard/Desktop/pp/finance/StockWatch/.research/research_runs/20260623T223443440764Z/metadata.json,,,
0989e15d,c7602580,2026-06-23T22:37:27+00:00,success,"Ablation: restoring the volume_quality windows should regress, confirming the prune still pulls weight at 300 trees",ranker top-k net return down vs c7602580,"model_features.ranker.volume_quality_windows: [] -> [10, 20]",0.00267554361571,-0.000175024976677,within_noise,0.0723245798118,-0.000381716154156,2.21230883504e-05,within_noise,0.0454843971929,0,within_noise,1,0,0,within_noise,0.009251303466,-0.00195005393384,/Users/richard/Desktop/pp/finance/StockWatch/.research/research_runs/20260623T223608793040Z/metadata.json,,,
589153d5,c7602580,2026-06-23T22:38:46+00:00,success,The fast 8-bar EMA is redundant own-stock trend noise; dropping it to keep only [21] leans the carrier set,ranker top-k net return up or flat vs c7602580,"model_features.ranker.ema_windows: [8, 21] -> [21]",0.00275713681123,-9.34317811573e-05,within_noise,0.168980520797,-0.000241640638211,3.48896715586e-05,within_noise,0.0454843971929,0,within_noise,1,0,0,within_noise,0.00931287958275,-0.00201237659252,/Users/richard/Desktop/pp/finance/StockWatch/.research/research_runs/20260623T223729907970Z/metadata.json,,,
f5b2eba1,c7602580,2026-06-23T22:40:30+00:00,success,280 estimators may edge out 300 on the fine grid around the peak,ranker top-k net return near or above c7602580,ranker.n_estimators: 300 -> 280,0.00281967973453,-3.0888857857e-05,within_noise,0.354433094549,-0.00010068092807,1.97373944074e-05,within_noise,0.0454843971929,0,within_noise,1,0,0,within_noise,0.00909154753258,-0.0015257028263,/Users/richard/Desktop/pp/finance/StockWatch/.research/research_runs/20260623T223911550011Z/metadata.json,,,
d10f2b65,c7602580,2026-06-23T22:41:53+00:00,success,320 estimators may edge out 300 on the fine grid around the peak,ranker top-k net return near or above c7602580,ranker.n_estimators: 300 -> 320,0.00274597259643,-0.000104595995955,within_noise,0.0620450047814,-0.000227190968891,-1.3404451624e-05,within_noise,0.0454843971929,0,within_noise,1,0,0,within_noise,0.00911570584362,-0.00162797426279,/Users/richard/Desktop/pp/finance/StockWatch/.research/research_runs/20260623T224032867314Z/metadata.json,,,
d6438dd7,c7602580,2026-06-23T22:43:06+00:00,success,Keeping only the long 50-bar SMA (dropping 20) leans the trend carrier; the opposite [20]-only trim hurt so the 50 may be the carrier,ranker top-k net return up or flat vs c7602580,"model_features.ranker.sma_windows: [20, 50] -> [50]",0.00265205020228,-0.000198518390106,significant_regression,0.0400840532239,-0.00038886507184,-1.11092020114e-05,within_noise,0.0454843971929,0,within_noise,1,0,0,within_noise,0.00921652913263,-0.00145118492716,/Users/richard/Desktop/pp/finance/StockWatch/.research/research_runs/20260623T224155902999Z/metadata.json,,,
64d62669,c7602580,2026-06-23T23:02:30+00:00,success,"A very short 3-bar cross-sectional return window adds short-horizon ordering signal the champion's [5,10] misses",ranker top-k net return up vs c7602580,"model_features.ranker.cs_return_windows: [5, 10] -> [3, 5, 10]",0.00278373098654,-6.68376058446e-05,within_noise,0.544866185379,-0.000262481859489,0.00012503806008,within_noise,0.0454843971929,0,within_noise,1,0,0,within_noise,0.00914195199302,-0.00165886202771,/Users/richard/Desktop/pp/finance/StockWatch/.research/research_runs/20260623T230112143226Z/metadata.json,,,
ee1754d2,c7602580,2026-06-23T23:03:51+00:00,success,"A short 3-bar cross-sectional volatility window captures fresh dispersion the champion's [10,20] misses",ranker top-k net return up vs c7602580,"model_features.ranker.cs_volatility_windows: [10, 20] -> [3, 10, 20]",0.00261156143412,-0.000239007158264,significant_regression,0.00716850178666,-0.00045376693592,-6.93517138091e-05,within_noise,0.0454843971929,0,within_noise,1,0,0,within_noise,0.00919485829693,-0.00196272597818,/Users/richard/Desktop/pp/finance/StockWatch/.research/research_runs/20260623T230233437415Z/metadata.json,,,
15e0fb06,c7602580,2026-06-23T23:05:12+00:00,success,"A short 3-bar cross-sectional volume-quality window adds near-term liquidity signal vs the champion's [10,20]",ranker top-k net return up vs c7602580,"model_features.ranker.cs_volume_quality_windows: [10, 20] -> [3, 10, 20]",0.00274030093765,-0.000110267654735,within_noise,0.220430295314,-0.000298903030386,5.35301151731e-05,within_noise,0.0454843971929,0,within_noise,1,0,0,within_noise,0.00926592184623,-0.00140787085357,/Users/richard/Desktop/pp/finance/StockWatch/.research/research_runs/20260623T230354340608Z/metadata.json,,,
499a45b0,c7602580,2026-06-23T23:07:16+00:00,success,"Shifting the cs_return lever shorter to [3,5] (not just adding 3) may beat [5,10] if the edge is purely very-short-horizon",ranker top-k net return up vs c7602580,"model_features.ranker.cs_return_windows: [5, 10] -> [3, 5]",0.00258146829471,-0.000269100297679,significant_regression,0.00563140072087,-0.000487042484429,-8.89778893285e-05,within_noise,0.0454843971929,0,within_noise,1,0,0,within_noise,0.00913782510939,-0.00205775753113,/Users/richard/Desktop/pp/finance/StockWatch/.research/research_runs/20260623T230601249417Z/metadata.json,,,
1768e08a,c7602580,2026-06-23T23:08:39+00:00,success,"A short 5-bar own-stock overextension window flags fresher stretch than the champion's [10,20]",ranker top-k net return up vs c7602580,"model_features.ranker.overextension_windows: [10, 20] -> [5, 10, 20]",0.00273573662138,-0.000114831971009,within_noise,0.161760573252,-0.000303832887376,5.55536739176e-05,within_noise,0.0454843971929,0,within_noise,1,0,0,within_noise,0.00908532467642,-0.00163120814782,/Users/richard/Desktop/pp/finance/StockWatch/.research/research_runs/20260623T230718729499Z/metadata.json,,,
58fde258,c7602580,2026-06-23T23:10:02+00:00,success,"A short 5-bar EMA gives the ranker a faster trend carrier alongside [8,21]",ranker top-k net return up vs c7602580,"model_features.ranker.ema_windows: [8, 21] -> [5, 8, 21]",0.00262724519638,-0.000223323396006,significant_regression,0.00685584274125,-0.000419837106806,-6.70292676474e-05,within_noise,0.0454843971929,0,within_noise,1,0,0,within_noise,0.00915574692324,-0.00193318143576,/Users/richard/Desktop/pp/finance/StockWatch/.research/research_runs/20260623T230841669287Z/metadata.json,,,
4918acc6,c7602580,2026-06-23T23:12:05+00:00,success,Re-adding the long 20 cross-sectional return window may interact differently under the champion's vol_quality prune + 300 trees than it did off baseline,ranker top-k net return up vs c7602580 if the interaction is favorable,"model_features.ranker.cs_return_windows: [5, 10] -> [5, 10, 20]",0.00263481717561,-0.000215751416777,significant_regression,0.0142915937842,-0.000413596159295,-4.41041082341e-05,within_noise,0.0454843971929,0,within_noise,1,0,0,within_noise,0.00913429197049,-0.00202454511191,/Users/richard/Desktop/pp/finance/StockWatch/.research/research_runs/20260623T231044380049Z/metadata.json,,,
11e4de9a,c7602580,2026-06-23T23:16:30+00:00,success,"A longer 100-bar SMA gives the ranker a slow-trend regime carrier alongside [20,50]",ranker top-k net return up vs c7602580,"model_features.ranker.sma_windows: [20, 50] -> [20, 50, 100]",0.00260435133364,-0.000246217258747,significant_regression,0.0181085468546,-0.000470980683414,-6.46473880412e-05,within_noise,0.0454843971929,0,within_noise,1,0,0,within_noise,0.00933549951657,-0.00174029911664,/Users/richard/Desktop/pp/finance/StockWatch/.research/research_runs/20260623T231207727122Z/metadata.json,,,
a97fe714,c7602580,2026-06-23T23:21:22+00:00,success,"A longer 40-bar drawdown window adds a slower stress carrier vs the champion's [10,20]",ranker top-k net return up vs c7602580,"model_features.ranker.drawdown_windows: [10, 20] -> [10, 20, 40]",0.00275379152863,-9.67770637558e-05,within_noise,0.30729592938,-0.000326498079902,7.79585189857e-05,within_noise,0.0454843971929,0,within_noise,1,0,0,within_noise,0.00925807334493,-0.00200430599817,/Users/richard/Desktop/pp/finance/StockWatch/.research/research_runs/20260623T231633127235Z/metadata.json,,,
6a9b8fe5,c7602580,2026-06-23T23:23:14+00:00,success,min_data_in_leaf 30 sits between the tested 20 (best) and 50 (worse) and may edge out 20,ranker top-k net return near or above c7602580,ranker.min_data_in_leaf: 20 -> 30,0.00247756231771,-0.000373006274679,significant_regression,0.000711119167536,-0.000623325758081,-0.000170605152056,within_noise,0.0454843971929,0,within_noise,1,0,0,within_noise,0.00914564418821,-0.00192735169178,/Users/richard/Desktop/pp/finance/StockWatch/.research/research_runs/20260623T232204140702Z/metadata.json,,,
df3c5b25,c7602580,2026-06-23T23:24:30+00:00,success,num_leaves 27 is a finer step toward regularization than the 23 that significantly regressed; may match 31,ranker top-k net return near c7602580,ranker.num_leaves: 31 -> 27,0.00277636537271,-7.4203219671e-05,within_noise,0.333011531525,-0.000233003353254,6.1204802457e-05,within_noise,0.0454843971929,0,within_noise,1,0,0,within_noise,0.00916258414847,-0.00161770938183,/Users/richard/Desktop/pp/finance/StockWatch/.research/research_runs/20260623T232317416777Z/metadata.json,,,
60c1a1cf,c7602580,2026-06-23T23:25:52+00:00,success,"Lowering the top two relevance boundaries to [0.7,0.85] widens the top grades the ranker optimizes for the traded basket",ranker top-k net return up vs c7602580,"ranker.relevance_bins: [-Infinity, 0.5, 0.75, 0.9, Infinity] -> [-Infinity, 0.5, 0.7, 0.85, Infinity]",0.00260248157882,-0.000248087013568,within_noise,0.0818349937951,-0.00058583896732,3.60646509792e-05,within_noise,0.0454843971929,0,within_noise,1,0,0,within_noise,0.00891222778363,-0.00220600456945,/Users/richard/Desktop/pp/finance/StockWatch/.research/research_runs/20260623T232432494247Z/metadata.json,,,
9ec2923e,c7602580,2026-06-23T23:27:30+00:00,success,"A mid 13-bar EMA fills the gap between the champion's [8,21] trend carriers",ranker top-k net return up vs c7602580,"model_features.ranker.ema_windows: [8, 21] -> [8, 13, 21]",0.00278339369073,-6.71749016534e-05,within_noise,0.351151375076,-0.000244783314687,0.000104421374286,within_noise,0.0454843971929,0,within_noise,1,0,0,within_noise,0.00909248646233,-0.00158323182075,/Users/richard/Desktop/pp/finance/StockWatch/.research/research_runs/20260623T232615458714Z/metadata.json,,,
f83b933e,c7602580,2026-06-23T23:28:53+00:00,success,Adding a 2-bar own-stock return window gives finer near-term momentum without going as short as the walled cs 3-bar,ranker top-k net return up vs c7602580,"model_features.ranker.return_windows: [1, 3, 5, 10] -> [1, 2, 3, 5, 10]",0.00254969188825,-0.000300876704133,significant_regression,0.0010247083439,-0.000506228256419,-0.000131126594334,within_noise,0.0454843971929,0,within_noise,1,0,0,within_noise,0.00912717539278,-0.00227181019356,/Users/richard/Desktop/pp/finance/StockWatch/.research/research_runs/20260623T232732552031Z/metadata.json,,,
44c09b9e,c7602580,2026-06-23T23:30:08+00:00,success,A longer 42-bar sector-return window adds a slower sector-context carrier alongside [21],ranker top-k net return up vs c7602580,"model_features.ranker.sector_return_windows: [21] -> [21, 42]",0.00280162584292,-4.89427494607e-05,within_noise,0.59607545065,-0.000244588071756,0.000149210634316,within_noise,0.0454843971929,0,within_noise,1,0,0,within_noise,0.00918655634586,-0.00147740701447,/Users/richard/Desktop/pp/finance/StockWatch/.research/research_runs/20260623T232855487846Z/metadata.json,,,
71260635,c7602580,2026-06-23T23:50:34+00:00,success,"Stacking the three free/neutral prunes (signals are inert under the BGU gate, volatility prune was neutral, sector_return prune was a small positive) yields a maximally lean ranker whose variance reduction adds up to a detectable top-k gain","ranker top-k net return up vs c7602580, stab_std down","model_features.ranker.include_signals: true -> false; model_features.ranker.sector_return_windows: [21] -> []; model_features.ranker.volatility_windows: [5, 10, 20] -> []",0.00282267182121,-2.78967711747e-05,within_noise,0.722717386318,-0.000258288809567,0.00018094146219,within_noise,0.0454843971929,0,within_noise,1,0,0,within_noise,0.00924129367468,-0.00142537626746,/Users/richard/Desktop/pp/finance/StockWatch/.research/research_runs/20260623T234915727202Z/metadata.json,,,
88940c46,c7602580,2026-06-23T23:51:35+00:00,success,"The two own-stock stress carriers (drawdown, overextension) are redundant noise families; pruning both leans the carrier set the same way volume_quality did","ranker top-k net return up or flat vs c7602580, stab_std down","model_features.ranker.drawdown_windows: [10, 20] -> []; model_features.ranker.overextension_windows: [10, 20] -> []",0.00256353936551,-0.00028702922687,significant_regression,0.0221749081601,-0.000577555997536,-4.97133908614e-05,within_noise,0.0454843971929,0,within_noise,1,0,0,within_noise,0.00879492502353,-0.00235417139192,/Users/richard/Desktop/pp/finance/StockWatch/.research/research_runs/20260623T235036878897Z/metadata.json,,,
a452a064,c7602580,2026-06-23T23:52:58+00:00,success,"The runup windows [1,3,10] are short-horizon momentum noise the cross-sectional returns already capture; pruning them entirely is a fresh untouched-dimension lean",ranker top-k net return up or flat vs c7602580,"model_features.ranker.runup_windows: [1, 3, 10] -> []",0.00269701008812,-0.000153558504266,within_noise,0.0946273051097,-0.000366826594743,3.21331784066e-05,within_noise,0.0454843971929,0,within_noise,1,0,0,within_noise,0.00919796618728,-0.00180743191925,/Users/richard/Desktop/pp/finance/StockWatch/.research/research_runs/20260623T235137616658Z/metadata.json,,,
b9bb71ba,c7602580,2026-06-23T23:54:42+00:00,success,"Wide leaves regressed alone because each leaf overfits; pairing num_leaves 63 with min_data_in_leaf 40 enforces enough support per leaf to exploit the extra capacity (joint regime, untested as a pair)",ranker top-k net return up vs c7602580 where num_leaves 63 alone was flat,ranker.min_data_in_leaf: 20 -> 40; ranker.num_leaves: 31 -> 63,0.00269902576575,-0.000151542826632,within_noise,0.153329822062,-0.000385747180516,6.14600908393e-05,within_noise,0.0454843971929,0,within_noise,1,0,0,within_noise,0.00918445890199,-0.00137935030679,/Users/richard/Desktop/pp/finance/StockWatch/.research/research_runs/20260623T235326155435Z/metadata.json,,,
04c23043,c7602580,2026-06-23T23:56:08+00:00,success,"500 trees overfit alone, but halving the learning rate to 0.03 slows each tree's contribution so the larger ensemble averages rather than memorizes (classic slow-and-deep boosting regime)",ranker top-k net return at or above c7602580 where 500 trees alone significantly regressed,ranker.learning_rate: 0.05 -> 0.03; ranker.n_estimators: 300 -> 500,0.00266326886401,-0.000187299728374,significant_regression,0.0359230069438,-0.000393473140452,-2.51715011517e-05,within_noise,0.0454843971929,0,within_noise,1,0,0,within_noise,0.00924004388351,-0.00177350297328,/Users/richard/Desktop/pp/finance/StockWatch/.research/research_runs/20260623T235445449412Z/metadata.json,,,
348678d8,c7602580,2026-06-23T23:57:25+00:00,success,An explicit shallow depth cap (max_depth 6) on a wider leaf budget (num_leaves 50) forces balanced shallow splits that generalize better than the unconstrained -1 depth on the BGU basket,ranker top-k net return up vs c7602580,ranker.max_depth: -1 -> 6; ranker.num_leaves: 31 -> 50,0.00272832687257,-0.000122241719814,within_noise,0.261227530826,-0.000366277426314,8.92890389626e-05,within_noise,0.0454843971929,0,within_noise,1,0,0,within_noise,0.00927851602798,-0.00143785891989,/Users/richard/Desktop/pp/finance/StockWatch/.research/research_runs/20260623T235610664314Z/metadata.json,,,
15b61e95,c7602580,2026-06-23T23:59:24+00:00,success,"BGU+SI is a fat-tail squeeze signal, so giving the very top of the target distribution its own grade (extra 0.97 edge) lets LambdaRank concentrate ranking effort on the extreme winners that drive top-k P&L","ranker top-k net return up vs c7602580, basket P95/max up","ranker.relevance_bins: [-Infinity, 0.5, 0.75, 0.9, Infinity] -> [-Infinity, 0.5, 0.75, 0.9, 0.97, Infinity]",0.0027663429068,-8.42256855803e-05,within_noise,0.322075855366,-0.000314606333951,0.00011302898893,within_noise,0.0454843971929,0,within_noise,1,0,0,within_noise,0.0092982633326,-0.00211395231815,/Users/richard/Desktop/pp/finance/StockWatch/.research/research_runs/20260623T235807404761Z/metadata.json,,,
221d82d0,c7602580,2026-06-24T00:00:47+00:00,success,"Concentrating all grade resolution in the upper half of the target ([0.6,0.8,0.95]) and ignoring fine structure in the bottom (which we never trade) focuses LambdaRank entirely on top-basket ordering",ranker top-k net return up vs c7602580,"ranker.relevance_bins: [-Infinity, 0.5, 0.75, 0.9, Infinity] -> [-Infinity, 0.6, 0.8, 0.95, Infinity]",0.00258763727859,-0.000262931313793,significant_regression,0.0321353348211,-0.000530982825498,-3.18023771797e-05,within_noise,0.0454843971929,0,within_noise,1,0,0,within_noise,0.00880099886272,-0.00220311183261,/Users/richard/Desktop/pp/finance/StockWatch/.research/research_runs/20260623T235926725278Z/metadata.json,,,
3edc9121,c7602580,2026-06-24T00:02:08+00:00,success,"A finer six-grade ladder gives the ranker smoother relevance gradients across the whole distribution, improving rank consistency (IC) and reducing fold dispersion","ranker top-k net return up or flat vs c7602580, IC info-ratio up, stab_std down","ranker.relevance_bins: [-Infinity, 0.5, 0.75, 0.9, Infinity] -> [-Infinity, 0.3, 0.5, 0.7, 0.85, 0.95, Infinity]",0.00258087642079,-0.000269692171591,within_noise,0.0536696438619,-0.000574457914805,-4.17949295801e-06,within_noise,0.0454843971929,0,within_noise,1,0,0,within_noise,0.00898825297228,-0.00172458817459,/Users/richard/Desktop/pp/finance/StockWatch/.research/research_runs/20260624T000049778320Z/metadata.json,,,
ca34805e,c7602580,2026-06-24T00:03:56+00:00,success,"cs_return's edge lives at the short [5,10] horizon; shifting cs_volatility to the same [5,10] horizon (not adding a 3-bar, which regressed) aligns the cross-sectional dispersion signal with the winning return horizon",ranker top-k net return up vs c7602580,"model_features.ranker.cs_volatility_windows: [10, 20] -> [5, 10]",0.00266614384361,-0.000184424748778,significant_regression,0.0364278511385,-0.000374499729012,-2.76151164981e-05,within_noise,0.0454843971929,0,within_noise,1,0,0,within_noise,0.00937175312688,-0.0023088245687,/Users/richard/Desktop/pp/finance/StockWatch/.research/research_runs/20260624T000239998540Z/metadata.json,,,
1f9812c5,c7602580,2026-06-24T00:05:15+00:00,success,"Matching cs_volume_quality to the winning [5,10] horizon gives the ranker fresh cross-sectional liquidity context aligned with the return signal",ranker top-k net return up vs c7602580,"model_features.ranker.cs_volume_quality_windows: [10, 20] -> [5, 10]",0.00264297940677,-0.000207589185615,within_noise,0.0840427527308,-0.000461123912151,-6.49920197066e-06,within_noise,0.0454843971929,0,within_noise,1,0,0,within_noise,0.00886791661858,-0.00165969780875,/Users/richard/Desktop/pp/finance/StockWatch/.research/research_runs/20260624T000359328601Z/metadata.json,,,
f47c1909,c7602580,2026-06-24T00:06:34+00:00,success,"A fully coherent short-horizon cross-sectional regime (cs_return already [5,10], plus cs_volatility and cs_volume_quality both shifted to [5,10]) lets the three cross-sectional carriers reinforce at one horizon",ranker top-k net return up vs c7602580 more than either shift alone,"model_features.ranker.cs_volatility_windows: [10, 20] -> [5, 10]; model_features.ranker.cs_volume_quality_windows: [10, 20] -> [5, 10]",0.00260598100796,-0.00024458758442,within_noise,0.063140048186,-0.000543946543849,1.67109529055e-05,within_noise,0.0454843971929,0,within_noise,1,0,0,within_noise,0.00895567627982,-0.00134347827689,/Users/richard/Desktop/pp/finance/StockWatch/.research/research_runs/20260624T000518328627Z/metadata.json,,,
25ff4af9,c7602580,2026-06-24T00:12:05+00:00,success,"Trimming carriers hurts, so the ranker is capacity-hungry; adding a long 100-bar relative-volume window gives it a slow-liquidity regime carrier it currently lacks",ranker top-k net return up vs c7602580,"model_features.ranker.relative_volume_windows: [20, 50] -> [20, 50, 100]",0.00264167840786,-0.000208890184526,within_noise,0.051279398414,-0.000470104480002,-6.47011832942e-06,within_noise,0.0454843971929,0,within_noise,1,0,0,within_noise,0.00913492866701,-0.00172202397133,/Users/richard/Desktop/pp/finance/StockWatch/.research/research_runs/20260624T000732462138Z/metadata.json,,,
9b73af5e,c7602580,2026-06-24T00:16:29+00:00,success,"Adding a 34-bar EMA extends the trend carriers to a slower horizon between the fast [8,21] and the SMA [20,50] without the short-EMA noise that regressed",ranker top-k net return up vs c7602580,"model_features.ranker.ema_windows: [8, 21] -> [8, 21, 34]",0.00262127953181,-0.000229289060579,significant_regression,0.0198597206407,-0.000420926027736,-4.78201361751e-05,within_noise,0.0454843971929,0,within_noise,1,0,0,within_noise,0.009044148317,-0.00157580166669,/Users/richard/Desktop/pp/finance/StockWatch/.research/research_runs/20260624T001208323287Z/metadata.json,,,
f3049702,c7602580,2026-06-24T00:17:50+00:00,success,"A short 10-bar SMA (long-add 100 regressed, so test the short side) gives a faster trend carrier alongside [20,50]",ranker top-k net return up vs c7602580,"model_features.ranker.sma_windows: [20, 50] -> [10, 20, 50]",0.00283867461974,-1.18939726413e-05,within_noise,0.844392114434,-0.000201868279425,0.000168578516168,within_noise,0.0454843971929,0,within_noise,1,0,0,within_noise,0.00910981305309,-0.00188376137652,/Users/richard/Desktop/pp/finance/StockWatch/.research/research_runs/20260624T001632061399Z/metadata.json,,,
de08c4c0,c7602580,2026-06-24T00:19:55+00:00,success,"The three least-damaging directions probed (short SMA add [10,20,50], mild sector [10,21], and a touch more trees) may interact favorably even though each was individually flat — a richer-carrier regime the ranker can exploit jointly",ranker top-k net return up vs c7602580 more than any of the three alone,"model_features.ranker.sector_return_windows: [21] -> [10, 21]; model_features.ranker.sma_windows: [20, 50] -> [10, 20, 50]; ranker.n_estimators: 300 -> 325",0.0029064909884,5.59223960192e-05,within_noise,0.4813879919,-9.34385207915e-05,0.000214562721356,within_noise,0.0454843971929,0,within_noise,1,0,0,within_noise,0.00921474362606,-0.00141829652946,/Users/richard/Desktop/pp/finance/StockWatch/.research/research_runs/20260624T001832988358Z/metadata.json,,,
d5c051b4,c7602580,2026-06-24T00:21:14+00:00,success,"A 5-bar runup carrier added to [1,3,10] gives finer near-term momentum resolution (pruning runup hurt, so the family is load-bearing; extend rather than trim)",ranker top-k net return up vs c7602580,"model_features.ranker.runup_windows: [1, 3, 10] -> [1, 3, 5, 10]",0.00264934838037,-0.000201220212013,significant_regression,0.0233934824877,-0.000386392659908,-3.4436801829e-05,within_noise,0.0454843971929,0,within_noise,1,0,0,within_noise,0.00908448536396,-0.00180729199383,/Users/richard/Desktop/pp/finance/StockWatch/.research/research_runs/20260624T001958231220Z/metadata.json,,,
58d32078,c7602580,2026-06-24T00:22:35+00:00,success,A long 40-bar overextension window (short-add 5 was flat-to-negative) adds a slow mean-reversion stress carrier the champion lacks,ranker top-k net return up vs c7602580,"model_features.ranker.overextension_windows: [10, 20] -> [10, 20, 40]",0.00279281560549,-5.7752986891e-05,within_noise,0.574205109127,-0.000229528838236,0.000105095818119,within_noise,0.0454843971929,0,within_noise,1,0,0,within_noise,0.00908341127664,-0.00133761864537,/Users/richard/Desktop/pp/finance/StockWatch/.research/research_runs/20260624T002117180872Z/metadata.json,,,
10ec6148,de08c4c0,2026-06-24T00:24:33+00:00,success,"Ablation: reverting the SMA add back to [20,50] isolates whether the short 10-bar SMA carried the stack's gain","if SMA carried it, top-k drops back toward c7602580; if not, stays near de08c4c0","model_features.ranker.sma_windows: [10, 20, 50] -> [20, 50]",0.00281074109909,-9.5749889312e-05,within_noise,0.225535672469,-0.000269950984327,6.39100054378e-05,within_noise,0.0454843971929,0,within_noise,1,0,0,within_noise,0.00914789239691,-0.00191310041279,/Users/richard/Desktop/pp/finance/StockWatch/.research/research_runs/20260624T002312989764Z/metadata.json,,,
265a2a8f,de08c4c0,2026-06-24T00:26:00+00:00,success,Ablation: reverting the sector add back to [21] isolates whether the 10-bar sector context carried the stack's gain,"if sector carried it, top-k drops back toward c7602580; if not, stays near de08c4c0","model_features.ranker.sector_return_windows: [10, 21] -> [21]",0.00281080920875,-9.5681779658e-05,within_noise,0.309386820597,-0.000309847704874,0.000100311087095,within_noise,0.0454843971929,0,within_noise,1,0,0,within_noise,0.0091082590031,-0.00189637550778,/Users/richard/Desktop/pp/finance/StockWatch/.research/research_runs/20260624T002436126029Z/metadata.json,,,
8ac246f3,de08c4c0,2026-06-24T00:27:17+00:00,success,Ablation: reverting n_estimators back to 300 isolates whether the extra 25 trees carried the stack's gain,"if the trees carried it, top-k drops back toward c7602580; if not, stays near de08c4c0",ranker.n_estimators: 325 -> 300,0.00289517332033,-1.13176680746e-05,within_noise,0.639761674436,-5.01454128674e-05,3.14270265999e-05,within_noise,0.0454843971929,0,within_noise,1,0,0,within_noise,0.0092246922962,-0.00142477184393,/Users/richard/Desktop/pp/finance/StockWatch/.research/research_runs/20260624T002602844248Z/metadata.json,,,
1496bc01,de08c4c0,2026-06-24T00:29:14+00:00,success,"The sma+sector synergy is about adding a short-horizon context view; pushing the sector window even shorter to [5,21] may compound the effect",ranker top-k net return up vs de08c4c0,"model_features.ranker.sector_return_windows: [10, 21] -> [5, 21]",0.00278890109231,-0.000117589896091,within_noise,0.257520696594,-0.000314547883435,8.70347474072e-05,within_noise,0.0454843971929,0,within_noise,1,0,0,within_noise,0.00907807486723,-0.00165724356517,/Users/richard/Desktop/pp/finance/StockWatch/.research/research_runs/20260624T002755600755Z/metadata.json,,,
657f345b,de08c4c0,2026-06-24T00:30:39+00:00,success,"A richer short-sector ladder [5,10,21] gives the synergy more cross-sectional context resolution at the short horizon that is carrying the gain",ranker top-k net return up vs de08c4c0,"model_features.ranker.sector_return_windows: [10, 21] -> [5, 10, 21]",0.00268821772194,-0.000218273266468,significant_regression,0.00980281804245,-0.000399576361358,-6.46574642623e-05,within_noise,0.0454843971929,0,within_noise,1,0,0,within_noise,0.00913932577192,-0.00211980094645,/Users/richard/Desktop/pp/finance/StockWatch/.research/research_runs/20260624T002916827379Z/metadata.json,,,
815fcd47,de08c4c0,2026-06-24T00:32:04+00:00,success,"Mirroring the short-context theme on the trend side by shifting the added SMA from 10 to 5 ([5,20,50]) tests whether even fresher trend context compounds with the short sector add",ranker top-k net return up vs de08c4c0,"model_features.ranker.sma_windows: [10, 20, 50] -> [5, 20, 50]",0.00269871319458,-0.000207777793824,significant_regression,0.0214239593492,-0.00039035181196,-4.74009592232e-05,within_noise,0.0454843971929,0,within_noise,1,0,0,within_noise,0.00900714713995,-0.00173626037492,/Users/richard/Desktop/pp/finance/StockWatch/.research/research_runs/20260624T003041924778Z/metadata.json,,,
4792edd1,de08c4c0,2026-06-24T00:40:12+00:00,success,The gain comes from reinforcing horizon-10 context across feature families (trend SMA + sector); adding a 10-bar relative-volume window introduces a third horizon-10 context that may compound the synergy,ranker top-k net return up vs de08c4c0,"model_features.ranker.relative_volume_windows: [20, 50] -> [10, 20, 50]",0.00276307572273,-0.000143415265678,within_noise,0.0570452134174,-0.000316733745833,7.19204137591e-07,within_noise,0.0454843971929,0,within_noise,1,0,0,within_noise,0.00910641765175,-0.00145111185087,/Users/richard/Desktop/pp/finance/StockWatch/.research/research_runs/20260624T003845873376Z/metadata.json,,,
ed60d9f2,de08c4c0,2026-06-24T00:41:35+00:00,success,Isolating the carrier: dropping the 21 anchor so sector is [10] only tests whether the 10-bar sector window alone carries the synergy or needs the 21 partner,"if the 10-bar carries it, stays near de08c4c0; if the 21 anchor matters, regresses","model_features.ranker.sector_return_windows: [10, 21] -> [10]",0.00279340972804,-0.000113081260367,within_noise,0.168282277746,-0.000281180584358,5.05346594098e-05,within_noise,0.0454843971929,0,within_noise,1,0,0,within_noise,0.00920476120128,-0.00159227559084,/Users/richard/Desktop/pp/finance/StockWatch/.research/research_runs/20260624T004015078435Z/metadata.json,,,
de1f1d1c,de08c4c0,2026-06-24T00:43:00+00:00,success,"The two added carriers give the ranker more usable splits, so a slightly larger leaf budget (num_leaves 36) lets it exploit the richer feature set without the overfit that 63 caused",ranker top-k net return up vs de08c4c0,ranker.num_leaves: 31 -> 36,0.00283519239276,-7.1298595639e-05,within_noise,0.366747393975,-0.000246849591592,7.58667976257e-05,within_noise,0.0454843971929,0,within_noise,1,0,0,within_noise,0.00904727185044,-0.00167569041011,/Users/richard/Desktop/pp/finance/StockWatch/.research/research_runs/20260624T004137978783Z/metadata.json,,,
f9161698,de08c4c0,2026-06-24T00:54:41+00:00,success,The two added carriers give the ensemble more signal to average; with the richer feature set 350 trees may now help where it regressed in the leaner champion context,ranker top-k net return up vs de08c4c0,ranker.n_estimators: 325 -> 350,0.00293326668474,2.67756963362e-05,within_noise,0.444591432253,-3.86480526839e-05,9.2637263807e-05,within_noise,0.0454843971929,0,within_noise,1,0,0,within_noise,0.00918795782652,-0.00149109476093,/Users/richard/Desktop/pp/finance/StockWatch/.research/research_runs/20260624T005255098623Z/metadata.json,,,
ff30d043,de08c4c0,2026-06-24T00:56:12+00:00,success,"The new mechanism lifts per-trade magnitude (tail capture), so giving the extreme top its own relevance grade (0.97 edge) may now help where it was flat in the leaner champion context","ranker top-k net return up vs de08c4c0, basket P95/max up","ranker.relevance_bins: [-Infinity, 0.5, 0.75, 0.9, Infinity] -> [-Infinity, 0.5, 0.75, 0.9, 0.97, Infinity]",0.00263965035163,-0.000266840636771,significant_regression,0.0336061306778,-0.000522437510698,-5.17545565588e-05,within_noise,0.0454843971929,0,within_noise,1,0,0,within_noise,0.00877802033521,-0.00224764026099,/Users/richard/Desktop/pp/finance/StockWatch/.research/research_runs/20260624T005444920335Z/metadata.json,,,
42970612,de08c4c0,2026-06-24T00:57:39+00:00,success,"Aligning the fast trend carrier to the horizon-10 theme by shifting the EMA from 8 to 10 ([10,21]) reinforces the horizon-10 context that is driving the gain",ranker top-k net return up vs de08c4c0,"model_features.ranker.ema_windows: [8, 21] -> [10, 21]",0.00272822948872,-0.00017826149968,significant_regression,0.0181313184265,-0.000339440474709,-3.49549672929e-05,within_noise,0.0454843971929,0,within_noise,1,0,0,within_noise,0.00909419913011,-0.00218260684831,/Users/richard/Desktop/pp/finance/StockWatch/.research/research_runs/20260624T005615362376Z/metadata.json,,,
ca71bba1,f9161698,2026-06-24T01:04:58+00:00,success,The richer two-carrier feature set shifted the tree-count optimum upward (350 beat 325); 400 trees may extend the now-favorable ridge,ranker top-k net return up vs f9161698,ranker.n_estimators: 350 -> 400,0.00282856828291,-0.000104698401828,within_noise,0.0989112690649,-0.000230765342794,1.48276525743e-05,within_noise,0.0454843971929,0,within_noise,1,0,0,within_noise,0.00918607740788,-0.00150441414413,/Users/richard/Desktop/pp/finance/StockWatch/.research/research_runs/20260624T010329924933Z/metadata.json,,,
a5873239,f9161698,2026-06-24T01:06:23+00:00,success,375 is a finer step on the upward tree ridge and may sit at the peak between 350 and 400,ranker top-k net return at or above f9161698,ranker.n_estimators: 350 -> 375,0.00285043788061,-8.28288041331e-05,within_noise,0.0982281492327,-0.000183979401003,2.90583919862e-07,significant_regression,0.0454843971929,0,within_noise,1,0,0,within_noise,0.00921375994744,-0.00149109476093,/Users/richard/Desktop/pp/finance/StockWatch/.research/research_runs/20260624T010501377907Z/metadata.json,,,
a0053931,f9161698,2026-06-24T01:07:54+00:00,success,"A slightly slower learning rate (0.04) paired with the larger 350-tree ensemble averages the richer carriers more smoothly (classic slow-and-many regime), extending the ridge",ranker top-k net return up vs f9161698,ranker.learning_rate: 0.05 -> 0.04,0.00281245978506,-0.000120806899684,within_noise,0.0846239754252,-0.00026323991543,9.18751094008e-06,significant_regression,0.0454843971929,0,within_noise,1,0,0,within_noise,0.00910162804855,-0.00161589106203,/Users/richard/Desktop/pp/finance/StockWatch/.research/research_runs/20260624T010626342356Z/metadata.json,,,
d6ffa3de,f9161698,2026-06-24T01:15:43+00:00,success,With richer carriers and 350 trees the model can support finer leaves; min_data_in_leaf 15 lets it fit the BGU basket finer where 10 hurt in the leaner champion,ranker top-k net return up vs f9161698,ranker.min_data_in_leaf: 20 -> 15,0.0027439495219,-0.00018931716284,significant_regression,0.0368817215468,-0.000383137819706,-1.82625055416e-05,within_noise,0.0454843971929,0,within_noise,1,0,0,within_noise,0.0091538267877,-0.00200617612799,/Users/richard/Desktop/pp/finance/StockWatch/.research/research_runs/20260624T011418453896Z/metadata.json,,,
2ac37c5d,f9161698,2026-06-24T01:17:04+00:00,success,"Testing whether the sector long-anchor value matters: shifting [10,21] to [10,30] keeps the synergistic 10-bar but lengthens the partner; if 21 is special this regresses, if any long partner works it holds",ranker top-k net return at or near f9161698,"model_features.ranker.sector_return_windows: [10, 21] -> [10, 30]",0.00272702171275,-0.000206244971994,significant_regression,0.0132892972578,-0.000395492055739,-5.11033484767e-05,within_noise,0.0454843971929,0,within_noise,1,0,0,within_noise,0.0091194815062,-0.00219379886144,/Users/richard/Desktop/pp/finance/StockWatch/.research/research_runs/20260624T011545756712Z/metadata.json,,,
68d6d1d1,f9161698,2026-06-24T01:21:37+00:00,success,"Now that 350 trees reward richer carriers, a 4th long 100-bar SMA may add a slow-regime view that the larger ensemble can exploit (it regressed at 300 trees off the champion)",ranker top-k net return up vs f9161698,"model_features.ranker.sma_windows: [10, 20, 50] -> [10, 20, 50, 100]",0.00271140658842,-0.000221860096324,significant_regression,0.0184874443209,-0.000436844099949,-3.94418741092e-05,within_noise,0.0454843971929,0,within_noise,1,0,0,within_noise,0.00916306944902,-0.00171651496993,/Users/richard/Desktop/pp/finance/StockWatch/.research/research_runs/20260624T011706612521Z/metadata.json,,,
f20caa4a,f9161698,2026-06-24T01:29:43+00:00,success,"Clean ablation at the 350-tree optimum: reverting the SMA add to [20,50] measures the SMA carrier's contribution with the larger ensemble",ranker top-k net return drops vs f9161698 if SMA is load-bearing at 350 trees,"model_features.ranker.sma_windows: [10, 20, 50] -> [20, 50]",0.00284141475042,-9.18519343178e-05,within_noise,0.167370822552,-0.000241009905098,3.59764321575e-05,within_noise,0.0454843971929,0,within_noise,1,0,0,within_noise,0.00913827744313,-0.00191744389249,/Users/richard/Desktop/pp/finance/StockWatch/.research/research_runs/20260624T012510609986Z/metadata.json,,,
d9fba5ad,f9161698,2026-06-24T01:31:12+00:00,success,Clean ablation at the 350-tree optimum: reverting the sector add to [21] measures the sector carrier's contribution with the larger ensemble,ranker top-k net return drops vs f9161698 if sector is load-bearing at 350 trees,"model_features.ranker.sector_return_windows: [10, 21] -> [21]",0.00281662563714,-0.000116641047597,within_noise,0.229777097655,-0.000324172764012,7.77480265353e-05,within_noise,0.0454843971929,0,within_noise,1,0,0,within_noise,0.00910642634102,-0.00189637550778,/Users/richard/Desktop/pp/finance/StockWatch/.research/research_runs/20260624T012946320735Z/metadata.json,,,
925b5db4,f9161698,2026-06-24T01:32:37+00:00,success,"Joint ablation: removing both added carriers leaves only c7602580 with 350 trees, which regressed alone off the champion; confirms the synergy (not the trees) drives the gain","ranker top-k net return drops toward or below c7602580, confirming the carriers carry it","model_features.ranker.sector_return_windows: [10, 21] -> [21]; model_features.ranker.sma_windows: [10, 20, 50] -> [20, 50]",0.00275110018807,-0.000182166496674,significant_regression,0.0432552826928,-0.000366644769559,-4.9040130683e-06,within_noise,0.0454843971929,0,within_noise,1,0,0,within_noise,0.00912873749929,-0.00153698178204,/Users/richard/Desktop/pp/finance/StockWatch/.research/research_runs/20260624T013115235508Z/metadata.json,,,
b6add7b6,f9161698,2026-06-24T01:37:17+00:00,success,Boolean signals are inert under the BGU primary gate (constant column); turning include_signals off should be a free simplification (delta ~0) yielding a cleaner final config,ranker top-k net return unchanged vs f9161698 (delta near 0),model_features.ranker.include_signals: true -> false,0.00293326668474,0,within_noise,1,0,0,within_noise,0.0454843971929,0,within_noise,1,0,0,within_noise,0.00918795782652,-0.00149109476093,/Users/richard/Desktop/pp/finance/StockWatch/.research/research_runs/20260624T013556693400Z/metadata.json,,,
15e7093e,f9161698,2026-06-24T01:38:36+00:00,success,"With the richer two-carrier set and 350 trees, a moderate explicit depth cap (max_depth 10) may regularize the deeper interactions better than unconstrained -1, where the tight cap of 6 hurt the leaner champion",ranker top-k net return up vs f9161698,ranker.max_depth: -1 -> 10,0.00275259758396,-0.000180669100776,significant_regression,0.0314954827417,-0.000366263121652,-2.39935772543e-05,within_noise,0.0454843971929,0,within_noise,1,0,0,within_noise,0.00927328380512,-0.00168245809618,/Users/richard/Desktop/pp/finance/StockWatch/.research/research_runs/20260624T013719871142Z/metadata.json,,,
5f9a92cb,f9161698,2026-06-24T01:39:55+00:00,success,The richer carrier set may tolerate mild column subsampling (feature_fraction 0.9) for decorrelation where the aggressive 0.8/0.6 hurt the leaner champion,ranker top-k net return up vs f9161698,ranker.feature_fraction: 1 -> 0.9,0.00271136254962,-0.000221904135124,significant_regression,0.00148619605858,-0.000392806706766,-9.51205311137e-05,within_noise,0.0454843971929,0,within_noise,1,0,0,within_noise,0.00913133415776,-0.00224197378004,/Users/richard/Desktop/pp/finance/StockWatch/.research/research_runs/20260624T013838885770Z/metadata.json,,,
a08e1376,f9161698,2026-06-24T01:48:08+00:00,success,"Sector context drove the synergy and 350 trees can exploit more of it; a richer three-window sector ladder [10,21,42] adds a slow sector regime view on top of the winning [10,21]",ranker top-k net return up vs f9161698,"model_features.ranker.sector_return_windows: [10, 21] -> [10, 21, 42]",0.00282080822504,-0.000112458459696,within_noise,0.209692646254,-0.000254284161665,5.39481131302e-05,within_noise,0.0454843971929,0,within_noise,1,0,0,within_noise,0.0091723314625,-0.00128746735579,/Users/richard/Desktop/pp/finance/StockWatch/.research/research_runs/20260624T014641867670Z/metadata.json,,,
b98cdb3f,f9161698,2026-06-24T01:49:37+00:00,success,The richer carrier set may benefit from slightly more leaf regularization; num_leaves 28 sits just below 31 where 36 overfit and 23 was too shallow,ranker top-k net return at or above f9161698,ranker.num_leaves: 31 -> 28,0.00276328862588,-0.000169978058862,significant_regression,0.018115161647,-0.000332353074495,-4.85255089004e-05,within_noise,0.0454843971929,0,within_noise,1,0,0,within_noise,0.00923681306282,-0.00176877837268,/Users/richard/Desktop/pp/finance/StockWatch/.research/research_runs/20260624T014811361505Z/metadata.json,,,
adc618f1,f9161698,2026-06-24T01:51:00+00:00,success,"Completing the leaf-support map at the optimum: min_data_in_leaf 25 (20 best, 15 and 30 regressed) tests the upper shoulder of the leaf-support peak under the richer carriers",ranker top-k net return at or near f9161698,ranker.min_data_in_leaf: 20 -> 25,0.00283929490497,-9.39717797671e-05,within_noise,0.249034307724,-0.000251430736547,6.01924057783e-05,within_noise,0.0454843971929,0,within_noise,1,0,0,within_noise,0.00916492279679,-0.00163085927911,/Users/richard/Desktop/pp/finance/StockWatch/.research/research_runs/20260624T014940140544Z/metadata.json,,,
