commit,parent_commit,timestamp,status,hypothesis,prediction,config_diff,primary_metric,delta_vs_parent,verdict_allocator,allocator_p_value,allocator_ci_low,allocator_ci_high,classifier_primary_metric,classifier_delta_vs_parent,verdict_gate,gate_p_value,gate_ci_low,gate_ci_high,verdict_gate_return,stability_std,stability_min,metadata_path,override_reason,note,error
7a59524e,,2026-06-18T22:40:05+00:00,success,Baseline run of the initial configuration,Baseline run,,-0.00119997771857,,within_noise,0.289664334057,-0.00341318710612,0.000998096913875,0.00252604441317,,within_noise,0.998656904375,-0.000440733695178,0.000448366126606,within_noise,0.00753285437975,-0.019006426822,/Users/richard/Desktop/pp/finance/StockWatch/.research/research_runs/20260618T223753320629Z/metadata.json,,,
eefaabac,7a59524e,2026-06-18T22:52:54+00:00,success,"A stricter probability gate selects higher-conviction rows, raising survivor hit rate relative to the unfiltered pool","gate hit-rate lift up vs baseline, survivor count down, return guardrail non-negative",classifier.gate_threshold: 0.21 -> 0.25,1.48788896183e-05,0.00121485660819,within_noise,0.182021919101,-0.000554504748457,0.00307230241196,0.00255292499059,2.6880577416e-05,within_noise,0.206708627577,-6.68800733583e-05,0.000700953056492,within_noise,0.00845270401404,-0.0188563359883,/Users/richard/Desktop/pp/finance/StockWatch/.research/research_runs/20260618T225049337610Z/metadata.json,,,
bdf40c5e,7a59524e,2026-06-18T22:54:55+00:00,success,"Technical features are noisy; stronger L2 regularization (lower C) yields better-calibrated, more generalizable gate probabilities and a cleaner hit-rate lift","gate hit-rate lift up modestly, calibration (Brier/log loss) improves",classifier.c_value: 1.0 -> 0.3,-8.41027064366e-05,0.00111587501213,within_noise,0.177860911762,-0.000517714581985,0.00271767634805,0.00252989777954,3.8533663706e-06,within_noise,0.420621571567,-6.88953626526e-06,1.70056185243e-05,within_noise,0.00732307664155,-0.017137796893,/Users/richard/Desktop/pp/finance/StockWatch/.research/research_runs/20260618T225257277156Z/metadata.json,,,
ea691542,7a59524e,2026-06-18T22:56:52+00:00,success,"Conversely, the baseline may be over-regularized; weaker regularization (higher C) lets the gate exploit more feature structure",gate hit-rate lift moves; calibration may worsen — brackets the regularization gradient against the lower-C probe,classifier.c_value: 1.0 -> 3.0,-0.00116220682807,3.77708905023e-05,within_noise,0.939854185173,-0.00182644789437,0.00187002862395,0.00252481523056,-1.22918261258e-06,within_noise,0.316982572695,-5.79782299725e-06,0,within_noise,0.00835505738165,-0.0265049953093,/Users/richard/Desktop/pp/finance/StockWatch/.research/research_runs/20260618T225458087448Z/metadata.json,,,
546fb9a5,7a59524e,2026-06-18T23:00:39+00:00,success,"At threshold 0.25 the gate still passes 99.7% of rows; pushing to 0.40 forces it into the region where survival actually drops, so if the classifier has any real rank skill the hit-rate lift should rise as the gate becomes selective","survival rate drops meaningfully (well below 99%), hit-rate lift rises, return guardrail watched for the proxy-win failure mode",classifier.gate_threshold: 0.21 -> 0.4,-0.000428904118952,0.000771073599619,within_noise,0.312488357962,-0.000788961833006,0.00267593418515,0.00387908526997,0.0013530408568,within_noise,0.477854797672,-0.000848276787216,0.00195336294021,within_noise,0.00770588160436,-0.0185170976526,/Users/richard/Desktop/pp/finance/StockWatch/.research/research_runs/20260618T225840748007Z/metadata.json,,,
76189a1e,7a59524e,2026-06-18T23:02:30+00:00,success,Threshold 0.48 sits near the predicted-probability mass (base rate ~0.476); it should bite hard and reveal whether the top-conviction tail carries genuine lift or just shrinks the survivor pool to noise,"survival rate drops sharply, hit-rate lift moves more than at 0.40; brackets the operating-point knee with the 0.40 probe",classifier.gate_threshold: 0.21 -> 0.48,-0.000993832704625,0.000206145013946,within_noise,0.75254039673,-0.00144481066544,0.00224453934047,0.0104611947027,0.00793515028957,significant_improvement,0.0294173709148,0.0007071302476,0.0120485773651,within_noise,0.00699089077293,-0.0134060925108,/Users/richard/Desktop/pp/finance/StockWatch/.research/research_runs/20260618T230042579314Z/metadata.json,,,
b6325602,7a59524e,2026-06-18T23:04:33+00:00,success,"Continuing batch 1's weak lead that stronger L2 regularization helps; C=0.1 shrinks coefficients further toward base rate, testing whether tighter, better-calibrated probabilities improve the lift","hit-rate lift up vs baseline along the same direction as C=0.3, calibration (Brier/log loss) improves further",classifier.c_value: 1.0 -> 0.1,-0.000168434768702,0.00103154294987,within_noise,0.29068566472,-0.000879272936158,0.00288229481494,0.00252950375876,3.45934559182e-06,within_noise,0.416754057259,-0.000618467310175,9.83393069369e-05,within_noise,0.00820380071992,-0.0164606740071,/Users/richard/Desktop/pp/finance/StockWatch/.research/research_runs/20260618T230233105084Z/metadata.json,,,
8df3ca2c,76189a1e,2026-06-18T23:08:22+00:00,success,The hit-rate lift rose monotonically through 0.48; pushing the gate to 0.52 tests whether the top-conviction tail keeps adding lift past the winner,"hit-rate lift rises further vs 0.48, survival drops below 54% and survival.std rises further (more sensitive operating point)",classifier.gate_threshold: 0.48 -> 0.52,-0.00120148966905,-0.000207656964421,within_noise,0.733292698668,-0.00222608411605,0.00166321603003,0.0139385967904,0.00347740208763,within_noise,0.300120163836,-0.0119249403764,0.00390005099742,within_noise,0.00819267850019,-0.0155747437812,/Users/richard/Desktop/pp/finance/StockWatch/.research/research_runs/20260618T230629050583Z/metadata.json,,,
7c1df914,76189a1e,2026-06-18T23:12:05+00:00,success,0.48 sits on the probability mass where survival.std exploded to 0.17; backing off to 0.45 may retain most of the lift while keeping the surviving fraction steadier across folds,"hit-rate lift slightly below 0.48 but still well above baseline, survival.std lower than at 0.48",classifier.gate_threshold: 0.48 -> 0.45,-0.000650797166542,0.000343035538083,within_noise,0.635002475176,-0.00132175295283,0.00204052923198,0.00603163630401,-0.00442955839873,significant_regression,0.0429250799369,-0.00884865882775,-0.000220355900534,within_noise,0.00941704464039,-0.0187075788032,/Users/richard/Desktop/pp/finance/StockWatch/.research/research_runs/20260618T230825233471Z/metadata.json,,,
b40d405e,76189a1e,2026-06-18T23:14:00+00:00,success,"The lift is limited by the classifier's near-random discrimination (AUC 0.51); adding a short 5-bar cross-sectional return feature gives the gate a classic short-horizon reversal signal, which at the biting threshold should raise hit-rate lift","ROC AUC up modestly, hit-rate lift above the 0.48 winner; isolates whether features (not threshold) can extend the gain","model_features.classifier.cs_return_windows: [10, 20] -> [5, 10, 20]",-0.00124543058473,-0.000251597880108,within_noise,0.813542334743,-0.00158424861388,0.00117711217158,0.0109520545794,0.000490859876664,within_noise,0.613406550139,-0.00162811376964,0.00281656761366,within_noise,0.00657213660404,-0.0127759104099,/Users/richard/Desktop/pp/finance/StockWatch/.research/research_runs/20260618T231208354276Z/metadata.json,,,
ec2503b8,76189a1e,2026-06-18T23:18:05+00:00,success,0.52 has higher lift than the 0.48 winner but a wider CI from its smaller pool; 0.50 sits between them and may extract more lift than 0.48 while keeping enough survivors to stay significant,"hit-rate lift above 0.48, survival between 25% and 54%, narrower CI than 0.52 — a candidate significant optimum",classifier.gate_threshold: 0.48 -> 0.5,-0.00135498334279,-0.00036115063816,within_noise,0.504777932648,-0.00201746193506,0.000997386886783,0.0106795541977,0.000218359494977,within_noise,0.220931272121,-0.00778158598142,0.00192865165668,within_noise,0.00854857867079,-0.0180507167134,/Users/richard/Desktop/pp/finance/StockWatch/.research/research_runs/20260618T231621840633Z/metadata.json,,,
a3a66978,76189a1e,2026-06-18T23:19:51+00:00,success,Lift and survivor avg-return rose monotonically through 0.52 (avg return turned positive); 0.55 maps the upper end to see whether the economic edge keeps climbing or the pool collapses into noise,point-estimate lift and avg return higher still but within_noise (small noisy pool); locates where the trend breaks,classifier.gate_threshold: 0.48 -> 0.55,-0.00129664011414,-0.00030280740952,within_noise,0.427478608233,-0.00310786656751,0.00132676527114,0.01483186,0.00437066529727,within_noise,0.147338508863,-0.0216472157516,0.00322821928866,within_noise,0.0100693132753,-0.0199001367402,/Users/richard/Desktop/pp/finance/StockWatch/.research/research_runs/20260618T231807910201Z/metadata.json,,,
656f1df0,8df3ca2c,2026-06-18T23:21:36+00:00,success,"0.52's lift is blocked from significance by a small, fold-variable survivor pool; weaker L2 regularization (C=3.0) spreads the logistic probabilities so high-conviction rows sit confidently above 0.52, enlarging and steadying the pool","survival up and passed_trades_hit_rate.std down vs plain 0.52, hit-rate lift clears significance vs the 0.48 winner",classifier.c_value: 1.0 -> 3.0,-0.00124408094078,-4.25912717352e-05,within_noise,0.909855538521,-0.00169308077914,0.00135663722909,0.013683905187,-0.000254691603403,within_noise,0.161736211124,-0.00230165447426,0.00038204733398,within_noise,0.00861631825002,-0.0186833662945,/Users/richard/Desktop/pp/finance/StockWatch/.research/research_runs/20260618T231954573370Z/metadata.json,,,
61c07240,7a59524e,2026-06-18T23:25:55+00:00,success,Re-anchoring the proven 0.52 + C=3.0 combo off baseline gives its direct vs-baseline significance verdict; C=3.0 already crushed the CI (mde 113->19) at this threshold while holding lift ~0.0137,"significant_improvement vs baseline with a much tighter CI than the plain-0.48 winner, return guardrail non-negative",classifier.c_value: 1.0 -> 3.0; classifier.gate_threshold: 0.21 -> 0.52,-0.00124408094078,-4.41032222104e-05,within_noise,0.999063655809,-0.00218178583602,0.00226725491793,0.013683905187,0.0111578607738,within_noise,0.902185421381,-0.00972105092669,0.010796340918,within_noise,0.00861631825002,-0.0186833662945,/Users/richard/Desktop/pp/finance/StockWatch/.research/research_runs/20260618T232404752852Z/metadata.json,,,
9f395cdf,7a59524e,2026-06-18T23:27:58+00:00,success,0.55 had the highest point-estimate lift (0.0148) but an exploded CI (mde 178); applying the same C=3.0 probability-spread fix should collapse that variance and deliver the highest lift at significance,"highest hit-rate lift of any config AND significant_improvement vs baseline, mde well below 178",classifier.c_value: 1.0 -> 3.0; classifier.gate_threshold: 0.21 -> 0.55,-0.00244745167043,-0.00124747395186,within_noise,0.116539996404,-0.0045008206158,0.000487010409592,0.0142194477783,0.0116934033651,within_noise,0.623867540129,-0.0177268541915,0.0107273164559,within_noise,0.0105287988231,-0.0234673514043,/Users/richard/Desktop/pp/finance/StockWatch/.research/research_runs/20260618T232558593148Z/metadata.json,,,
5b9a2707,7a59524e,2026-06-18T23:29:51+00:00,success,"If C=3.0 stabilizes the high-threshold pool, even weaker regularization (C=5.0) spreads probabilities further and may tighten the CI more at the top threshold — until overfitting degrades the survivors' avg return",CI tighter or comparable to 0.55+C3.0; watch passed_trades_avg_return for overfit degradation (the stop signal),classifier.c_value: 1.0 -> 5.0; classifier.gate_threshold: 0.21 -> 0.55,-0.00192767271708,-0.000727694998509,within_noise,0.28098378825,-0.00369739233421,0.00128382913914,0.0149548742521,0.0124288298389,within_noise,0.662644148623,-0.0168561063964,0.0115007454833,within_noise,0.00968353177154,-0.0206791359838,/Users/richard/Desktop/pp/finance/StockWatch/.research/research_runs/20260618T232801517079Z/metadata.json,,,
e4ab503f,7a59524e,2026-06-18T23:33:03+00:00,success,"0.48 is the proven significant winner and 0.52 is underpowered (mde 146); 0.49 sits just above 0.48 with a barely-smaller survivor pool, so it should stay significant vs baseline while nudging lift up","significant_improvement vs baseline, hit-rate lift slightly above 0.48's 0.0105, mde near 81",classifier.gate_threshold: 0.21 -> 0.49,-0.00123297008883,-3.29923702601e-05,within_noise,0.912274456001,-0.00177307237034,0.00209753293104,0.0112300704353,0.0087040260221,within_noise,0.219694298823,-0.00237140406749,0.010659265647,within_noise,0.00742094400022,-0.0167725545084,/Users/richard/Desktop/pp/finance/StockWatch/.research/research_runs/20260618T233110042896Z/metadata.json,,,
0bb90534,7a59524e,2026-06-18T23:34:52+00:00,success,0.50 showed lift 0.0107 with mde 69 vs its parent; re-anchored off baseline it reveals whether 0.50 is the highest still-significant operating point,"significant_improvement vs baseline with mde below ~100, lift marginally above 0.49",classifier.gate_threshold: 0.21 -> 0.5,-0.00135498334279,-0.000155005624214,within_noise,0.957192509482,-0.00195725940642,0.0020377948997,0.0106795541977,0.00815350978454,within_noise,0.407010603536,-0.00437144134665,0.0109407518235,within_noise,0.00854857867079,-0.0180507167134,/Users/richard/Desktop/pp/finance/StockWatch/.research/research_runs/20260618T233305703543Z/metadata.json,,,
04f74076,7a59524e,2026-06-18T23:36:50+00:00,success,"0.51 approaches 0.52 where the vs-baseline CI exploded (mde 146); it likely sits at or just past the significance cliff, marking the frontier's upper edge","within_noise vs baseline (underpowered, wide CI) despite a higher point-estimate lift than 0.50",classifier.gate_threshold: 0.21 -> 0.51,-0.00124803087367,-4.80531550979e-05,within_noise,0.932422950342,-0.00208377172734,0.00228976841856,0.0116885934683,0.00916254905511,within_noise,0.845905034547,-0.00773312336494,0.00944290364609,within_noise,0.00884886483943,-0.017360524513,/Users/richard/Desktop/pp/finance/StockWatch/.research/research_runs/20260618T233454706470Z/metadata.json,,,
fd43eafc,7a59524e,2026-06-18T23:49:33+00:00,success,"0.48 is significant but knife-edge; 0.46 sits just below it with a larger, steadier survivor pool, which may give a more robust significant lift vs baseline","significant_improvement vs baseline, survival above 54%, mde at or below 0.48's 81 bps",classifier.gate_threshold: 0.21 -> 0.46,-0.000918471993616,0.000281505724955,within_noise,0.658913798399,-0.00148427684766,0.00231449641126,0.00666284222398,0.00413679781081,within_noise,0.223052903945,-0.00149399492517,0.00600572330996,within_noise,0.00735065647797,-0.0211589344276,/Users/richard/Desktop/pp/finance/StockWatch/.research/research_runs/20260618T234710226519Z/metadata.json,,,
d446e8ff,7a59524e,2026-06-18T23:51:40+00:00,success,"0.47 brackets the immediate sub-0.48 region between 0.46 and the proven winner, locating whether significance holds just below 0.48","significant_improvement vs baseline with lift near 0.48's, narrower or comparable CI",classifier.gate_threshold: 0.21 -> 0.47,0.000109603659317,0.00130958137789,within_noise,0.124011625091,-0.000373814734093,0.00365188341198,0.00846212605275,0.00593608163958,within_noise,0.0540354866659,-0.0003079032244,0.0087528744139,within_noise,0.00717013726254,-0.0129064773637,/Users/richard/Desktop/pp/finance/StockWatch/.research/research_runs/20260618T234936418899Z/metadata.json,,,
3aa11b1c,76189a1e,2026-06-18T23:53:27+00:00,success,"return_windows [1,3,5,10] are highly collinear short-horizon returns that dilute the linear gate; collapsing to [1,5] removes redundancy and should hold or raise ROC AUC with fewer, cleaner inputs","ROC AUC holds or rises vs the 0.48 winner, calibration (Brier/log loss) holds, fold-stability improves","model_features.classifier.return_windows: [1, 3, 5, 10] -> [1, 5]",-0.00190055179023,-0.000906719085603,within_noise,0.330228218539,-0.00247857557111,0.000908948503081,0.0100540826077,-0.000407112095064,within_noise,0.0748919328123,-0.00757432431665,0.000440190766082,within_noise,0.00862577165975,-0.0166658920259,/Users/richard/Desktop/pp/finance/StockWatch/.research/research_runs/20260618T235143294627Z/metadata.json,,,
c3bf821d,76189a1e,2026-06-18T23:56:42+00:00,success,"ema_windows [8,21] largely duplicate the trend information already in sma_windows [20,50]; dropping them should leave ROC AUC essentially unchanged while improving calibration via less collinearity","ROC AUC flat (|delta|<5e-4), Brier/log-loss hold or improve — marks ema as prunable","model_features.classifier.ema_windows: [8, 21] -> []",-0.00149642668594,-0.000502593981318,within_noise,0.459204001263,-0.00201512826194,0.00089190328852,0.00939900926276,-0.00106218543998,significant_regression,0.0200016004879,-0.00547388122903,-0.000515769373145,within_noise,0.00697256993797,-0.0212837594304,/Users/richard/Desktop/pp/finance/StockWatch/.research/research_runs/20260618T235454181792Z/metadata.json,,,
9545a146,76189a1e,2026-06-18T23:58:33+00:00,success,"runup_windows [1,3,10] are momentum measures collinear with return_windows; dropping them tests whether they add any discrimination beyond returns","ROC AUC flat, calibration holds — marks runup as prunable if AUC does not fall","model_features.classifier.runup_windows: [1, 3, 10] -> []",-0.000341187238318,0.000652645466307,within_noise,0.447488638563,-0.00112734165908,0.00252794045622,0.0104693971869,8.20248416333e-06,within_noise,0.592524836383,-0.00194662537553,0.00326398093278,within_noise,0.00715522052619,-0.0145231326565,/Users/richard/Desktop/pp/finance/StockWatch/.research/research_runs/20260618T235645193081Z/metadata.json,,,
2690b375,76189a1e,2026-06-19T00:00:24+00:00,success,cs_volume_quality_windows duplicate volume information already in relative_volume and volume_quality; the cross-sectional volume mirror is likely pure redundancy for the gate,"ROC AUC flat, calibration holds or improves — marks cs_volume_quality as prunable","model_features.classifier.cs_volume_quality_windows: [10, 20] -> []",-0.000419916701234,0.000573916003391,within_noise,0.387408740527,-0.000822576669915,0.00208549534933,0.00960881343535,-0.000852381267389,within_noise,0.0550889829869,-0.00494395291778,-2.01745831306e-05,within_noise,0.00655296900731,-0.0147094183544,/Users/richard/Desktop/pp/finance/StockWatch/.research/research_runs/20260618T235835884604Z/metadata.json,,,
bf18fb5f,76189a1e,2026-06-19T00:03:20+00:00,success,"ema carried trend signal (dropping it cost AUC); sma_windows [20,50] may be the redundant MA partner — if ema already captures the trend, dropping sma should be neutral or AUC-positive",ROC AUC flat or up if sma is redundant; a drop in AUC instead would mark sma as an independent signal-carrier,"model_features.classifier.sma_windows: [20, 50] -> []",-0.000882089762297,0.000111742942328,within_noise,0.811921982754,-0.00160370488391,0.00219618740013,0.0094604472676,-0.00100074743514,within_noise,0.449392364669,-0.00325454698294,0.00151534109758,within_noise,0.00854490500684,-0.0183594302311,/Users/richard/Desktop/pp/finance/StockWatch/.research/research_runs/20260619T000127249797Z/metadata.json,,,
0a977ea4,76189a1e,2026-06-19T00:05:11+00:00,success,"volatility_windows [5,10,20] are three collinear volatility measures; dropping the whole family tests whether realized volatility adds discrimination beyond the other risk features (drawdown, overextension)","ROC AUC flat if redundant, down if volatility carries independent signal","model_features.classifier.volatility_windows: [5, 10, 20] -> []",-0.000905354500157,8.84782044685e-05,within_noise,0.832051724594,-0.00158874512155,0.00191943285416,0.0100536573576,-0.000407537345133,within_noise,0.100974391142,-0.00534125042162,0.000415318300595,within_noise,0.00837390605199,-0.0202632047225,/Users/richard/Desktop/pp/finance/StockWatch/.research/research_runs/20260619T000323049382Z/metadata.json,,,
eed423df,76189a1e,2026-06-19T00:07:06+00:00,success,"drawdown_windows [10,20] overlap with volatility as a downside-risk proxy; dropping it isolates whether drawdown adds anything beyond realized volatility",ROC AUC flat or up if redundant with volatility; down if it carries unique downside-risk signal,"model_features.classifier.drawdown_windows: [10, 20] -> []",-0.000961481932808,3.23507718169e-05,within_noise,0.998338562512,-0.00166807704323,0.0017046155772,0.00988072385466,-0.000580470848078,within_noise,0.733024621822,-0.00316015910549,0.00244025705372,within_noise,0.00825508602287,-0.0168134112604,/Users/richard/Desktop/pp/finance/StockWatch/.research/research_runs/20260619T000513779585Z/metadata.json,,,
21296514,76189a1e,2026-06-19T00:09:47+00:00,success,"relative_volume_windows [20,50] measure volume surges, which are direction-agnostic and unlikely to discriminate a SPY-relative forward return; dropping them should be neutral or AUC-positive",ROC AUC flat or up — marks relative_volume as prunable,"model_features.classifier.relative_volume_windows: [20, 50] -> []",-0.000725514654437,0.000268318050188,within_noise,0.759900445658,-0.00145822540831,0.0020244590526,0.0107155457551,0.000254351052342,within_noise,0.251513661128,-0.00288080874457,0.000656818460551,within_noise,0.00773899563617,-0.0158086330719,/Users/richard/Desktop/pp/finance/StockWatch/.research/research_runs/20260619T000804499677Z/metadata.json,,,
81bf4f60,76189a1e,2026-06-19T00:31:31+00:00,crashed,"volume_quality_windows [10,20] are a second volume family largely redundant with relative_volume; dropping it tests whether any volume feature adds discrimination",ROC AUC flat or up — marks volume_quality as prunable,"model_features.classifier.volume_quality_windows: [10, 20] -> []",,,,,,,,,,,,,,,,,,,"Timeout exceeded (960s)
/Users/richard/Desktop/pp/finance/StockWatch/utils/calculations.py:101: RuntimeWarning: divide by zero encountered in divide
  compacted_values / trailing_average_volume,
/Users/richard/Desktop/pp/finance/StockWatch/utils/calculations.py:101: RuntimeWarning: invalid value encountered in divide
  compacted_values / trailing_average_volume,
/Users/richard/Desktop/pp/finance/StockWatch/utils/calculations.py:101: RuntimeWarning: divide by zero encountered in divide
  compacted_values / trailing_average_volume,
/Users/richard/Desktop/pp/finance/StockWatch/utils/calculations.py:101: RuntimeWarning: invalid value encountered in divide
  compacted_values / trailing_average_volume,"
02f82f04,76189a1e,2026-06-19T01:25:35+00:00,crashed,"overextension_windows [10,20] (distance above the moving average) is a mean-reversion proxy that may overlap the sma/ema trend features; dropping it isolates whether it carries unique reversal signal","ROC AUC flat if redundant with MA features, down if it carries unique signal","model_features.classifier.overextension_windows: [10, 20] -> []",,,,,,,,,,,,,,,,,,,Timeout exceeded (960s)
e9bd867f,76189a1e,2026-06-19T04:43:00+00:00,success,"Re-run after 960s timeout crash: volume_quality_windows [10,20] are a second volume family largely redundant with relative_volume (which proved prunable); dropping it tests whether any volume feature adds discrimination",ROC AUC flat or up — marks volume_quality as prunable,"model_features.classifier.volume_quality_windows: [10, 20] -> []",-0.00101663744549,-2.28047408675e-05,within_noise,0.985008097077,-0.00164581800775,0.00165931650216,0.0106424166801,0.000181221977341,within_noise,0.891482914296,-0.0036091777148,0.00312999288427,within_noise,0.00851903137203,-0.0159480683857,/Users/richard/Desktop/pp/finance/StockWatch/.research/research_runs/20260619T044107799255Z/metadata.json,,,
34a4d581,76189a1e,2026-06-19T04:44:55+00:00,success,"Re-run after 960s timeout crash: overextension_windows [10,20] (distance above the moving average) is a mean-reversion proxy that may overlap the sma/ema trend features; dropping it isolates whether it carries unique reversal signal","ROC AUC flat if redundant with MA features, down if it carries unique signal","model_features.classifier.overextension_windows: [10, 20] -> []",-0.00179105142261,-0.00079721871798,within_noise,0.536058762067,-0.00233837498752,0.00128302896657,0.00966063813165,-0.000800556571093,within_noise,0.517057725483,-0.00389471619454,0.0019844646842,within_noise,0.00843152016717,-0.0160614939423,/Users/richard/Desktop/pp/finance/StockWatch/.research/research_runs/20260619T044303534109Z/metadata.json,,,
75f41056,76189a1e,2026-06-19T04:46:48+00:00,success,sector_return_windows [21] is a single own-sector relative-return feature; dropping it tests whether sector context adds discrimination to the gate,"ROC AUC flat if redundant, down if sector context carries unique signal",model_features.classifier.sector_return_windows: [21] -> [],-0.00182973346216,-0.000835900757533,within_noise,0.443522735292,-0.00233725563603,0.0011925020183,0.0101503213672,-0.000310873335529,within_noise,0.985026590059,-0.00259551971051,0.00271044262296,within_noise,0.00763126626294,-0.0202787689419,/Users/richard/Desktop/pp/finance/StockWatch/.research/research_runs/20260619T044458760430Z/metadata.json,,,
38c14b8f,76189a1e,2026-06-19T04:49:59+00:00,success,"cs_return_windows [10,20] is cross-sectional relative-strength rank; adding a 5-window earlier was neutral, so the family may be redundant with own return_windows — dropping it tests for unique cross-sectional momentum signal","ROC AUC flat or up if redundant, down if cross-sectional momentum carries unique signal","model_features.classifier.cs_return_windows: [10, 20] -> []",0.000268532750777,0.0012623654554,within_noise,0.112166962459,-0.000281501241254,0.00343550274691,0.00630505479708,-0.00415613990566,within_noise,0.26802147666,-0.00557078816659,0.00162196825291,within_noise,0.00735875698226,-0.0139303931467,/Users/richard/Desktop/pp/finance/StockWatch/.research/research_runs/20260619T044800540238Z/metadata.json,,,
3d6407d9,76189a1e,2026-06-19T04:51:48+00:00,success,"cs_volatility_windows [10,20] is the cross-sectional mirror of volatility, which already proved to be noise; dropping it should be neutral or AUC-positive",ROC AUC flat or up — marks cs_volatility as prunable,"model_features.classifier.cs_volatility_windows: [10, 20] -> []",-0.000542991009658,0.000450841694967,within_noise,0.662590389471,-0.00132690250529,0.0021832996757,0.00993016705314,-0.0005310276496,within_noise,0.583433513716,-0.00385258946654,0.00214583383433,within_noise,0.00779768973756,-0.0145216259072,/Users/richard/Desktop/pp/finance/StockWatch/.research/research_runs/20260619T045002404118Z/metadata.json,,,
bd29e8fc,76189a1e,2026-06-19T04:53:37+00:00,success,"include_signals feeds the boolean signal catalog as features; the universe is already primary-gated by signals, so the signal features themselves may add noise rather than discrimination to the gate","ROC AUC flat or up if signals are redundant with the gating, down if they carry unique discrimination",model_features.classifier.include_signals: true -> false,-0.000570169868225,0.0004236628364,within_noise,0.632744501888,-0.00127268930426,0.0022519165335,0.0079359261029,-0.00252526859984,within_noise,0.317823494171,-0.00385032857852,0.00132031863976,within_noise,0.00835572981647,-0.0189820974691,/Users/richard/Desktop/pp/finance/StockWatch/.research/research_runs/20260619T045151180360Z/metadata.json,,,
b53c83f1,76189a1e,2026-06-19T04:56:35+00:00,success,"Each of the five noise families raised AUC when removed individually; dropping all five together (runup, overextension, relative_volume, volatility, cs_volatility) should compound into a clear AUC gain over the 0.48 baseline model","ROC AUC rises toward ~0.513+, calibration and fold-stability improve","model_features.classifier.cs_volatility_windows: [10, 20] -> []; model_features.classifier.overextension_windows: [10, 20] -> []; model_features.classifier.relative_volume_windows: [20, 50] -> []; model_features.classifier.runup_windows: [1, 3, 10] -> []; model_features.classifier.volatility_windows: [5, 10, 20] -> []",-0.0020442321101,-0.00105039940547,within_noise,0.424814283534,-0.00235419655717,0.000958858574966,0.0101044572822,-0.000356737420555,within_noise,0.479527005687,-0.00595420568174,0.00295829425875,within_noise,0.00762646236953,-0.0181385764164,/Users/richard/Desktop/pp/finance/StockWatch/.research/research_runs/20260619T045452009398Z/metadata.json,,,
7623639c,76189a1e,2026-06-19T04:58:19+00:00,success,"Adding the two redundant volume families (volume_quality, cs_volume_quality) to the five-noise drop removes all confirmed dead weight while keeping every signal-carrier","ROC AUC at or above the five-drop model, calibration further improved","model_features.classifier.cs_volatility_windows: [10, 20] -> []; model_features.classifier.cs_volume_quality_windows: [10, 20] -> []; model_features.classifier.overextension_windows: [10, 20] -> []; model_features.classifier.relative_volume_windows: [20, 50] -> []; model_features.classifier.runup_windows: [1, 3, 10] -> []; model_features.classifier.volatility_windows: [5, 10, 20] -> []; model_features.classifier.volume_quality_windows: [10, 20] -> []",-0.00268951030778,-0.00169567760315,within_noise,0.123721266153,-0.00315562779217,0.000471257146416,0.0115705744844,0.00110937978162,within_noise,0.404741911022,-0.00737858141372,0.00305910463559,within_noise,0.00842838762019,-0.0194905072358,/Users/richard/Desktop/pp/finance/StockWatch/.research/research_runs/20260619T045637746049Z/metadata.json,,,
250701a4,76189a1e,2026-06-19T05:00:06+00:00,success,"On top of the seven-family drop, collapsing the collinear return_windows to [1,5] yields the leanest signal-carrier-only model; tests whether maximal pruning still holds AUC",ROC AUC holds at or near the seven-drop model with the smallest feature set and best calibration; a fall would mark over-pruning,"model_features.classifier.cs_volatility_windows: [10, 20] -> []; model_features.classifier.cs_volume_quality_windows: [10, 20] -> []; model_features.classifier.overextension_windows: [10, 20] -> []; model_features.classifier.relative_volume_windows: [20, 50] -> []; model_features.classifier.return_windows: [1, 3, 5, 10] -> [1, 5]; model_features.classifier.runup_windows: [1, 3, 10] -> []; model_features.classifier.volatility_windows: [5, 10, 20] -> []; model_features.classifier.volume_quality_windows: [10, 20] -> []",-0.00230492709235,-0.00131109438772,within_noise,0.188338853381,-0.00287508951262,0.000589385452931,0.0117268820972,0.00126568739444,within_noise,0.120796592604,-0.00994883468398,0.00118541384164,within_noise,0.00625404753683,-0.0161030638935,/Users/richard/Desktop/pp/finance/StockWatch/.research/research_runs/20260619T045822139776Z/metadata.json,,,
2933de1b,250701a4,2026-06-19T05:03:06+00:00,success,"In the lean model, return_windows [1,5] may still be slightly collinear; collapsing to a single [5] window tests whether the 1-day return adds anything or is the last bit of return redundancy","ROC AUC holds or rises marginally; a fall marks [1,5] as the return floor","model_features.classifier.return_windows: [1, 5] -> [5]",-0.00148167988434,0.000823247208014,within_noise,0.264398787027,-0.0006671770698,0.00244235805283,0.0117765310731,4.96489758942e-05,within_noise,0.212735148339,-0.00505377407967,0.00119531314137,within_noise,0.00718890650784,-0.0132160474606,/Users/richard/Desktop/pp/finance/StockWatch/.research/research_runs/20260619T050127248986Z/metadata.json,,,
ebe45329,250701a4,2026-06-19T05:04:50+00:00,success,"drawdown was the weakest signal-carrier (-0.0003 when dropped alone); inside the lean model its small signal may now be redundant with the surviving risk/trend features, so dropping it could be neutral or AUC-positive",ROC AUC holds or rises if drawdown is now redundant; a fall confirms it still carries unique signal,"model_features.classifier.drawdown_windows: [10, 20] -> []",-0.00214000943366,0.000164917658693,within_noise,0.916102588204,-0.00172506122196,0.0015043734131,0.0110614686026,-0.000665413494571,within_noise,0.791667132293,-0.00467530006538,0.00342776388479,within_noise,0.0066848081182,-0.015557416448,/Users/richard/Desktop/pp/finance/StockWatch/.research/research_runs/20260619T050308409513Z/metadata.json,,,
f76bc4ee,250701a4,2026-06-19T05:06:33+00:00,success,Stacking both final cuts (return->[5] and dropping drawdown) yields the absolute minimal signal-carrier set; tests the lower bound where further pruning starts to cost discrimination,ROC AUC at the peak or just past it; a clear fall vs 250701a4 marks the minimal model as over-pruned and confirms 250701a4 as the best,"model_features.classifier.drawdown_windows: [10, 20] -> []; model_features.classifier.return_windows: [1, 5] -> [5]",-0.00293611946537,-0.000631192373018,within_noise,0.333296868481,-0.00254412240859,0.000798830807762,0.011752459537,2.55774397963e-05,within_noise,0.480329488114,-0.00635564243213,0.00307190527355,within_noise,0.00794067137542,-0.0183973157539,/Users/richard/Desktop/pp/finance/StockWatch/.research/research_runs/20260619T050453563648Z/metadata.json,,,
894b7f19,2933de1b,2026-06-19T05:54:03+00:00,success,"C was rank-redundant on the 14-family model, but with only ~6 cleaner feature groups stronger L2 (C=0.3) may now meaningfully shrink the surviving coefficients and improve calibration without the noise families to fight","ROC AUC roughly flat (rank-based), Brier/log-loss improve if stronger reg helps the lean model",classifier.c_value: 1.0 -> 0.3,-0.000804808343493,0.000676871540843,within_noise,0.412994841221,-0.000814446060401,0.00228993614728,0.0119702180382,0.000193686965171,within_noise,0.82045970521,-0.000786485812562,0.000698099532204,within_noise,0.00723772486429,-0.0166005772122,/Users/richard/Desktop/pp/finance/StockWatch/.research/research_runs/20260619T055222536352Z/metadata.json,,,
72d266e0,2933de1b,2026-06-19T05:55:46+00:00,success,Conversely the lean model may be under-fit with few features; weaker reg (C=2.0) lets the surviving signal-carriers express larger coefficients,"ROC AUC flat, calibration moves opposite to C=0.3 — brackets the lean-model regularization gradient",classifier.c_value: 1.0 -> 2.0,-0.00165923258702,-0.000177552702688,within_noise,0.808255640293,-0.00147330201437,0.00111650473453,0.0118120501934,3.55191203378e-05,within_noise,0.794361670048,-0.000355645717317,0.000483553032679,within_noise,0.00713307619564,-0.0145496350006,/Users/richard/Desktop/pp/finance/StockWatch/.research/research_runs/20260619T055405642802Z/metadata.json,,,
992205e5,2933de1b,2026-06-19T05:57:23+00:00,success,"A wide weaker-reg probe (C=5.0) maps the far end of the gradient; on few features it should spread probabilities most, testing whether the gate operating point shifts favorably","ROC AUC flat, largest calibration/probability-spread change of the three",classifier.c_value: 1.0 -> 5.0,-0.00177238213035,-0.000290702246011,within_noise,0.688627353857,-0.00170811536152,0.0011914906647,0.0120338782029,0.000257347129807,within_noise,0.185919996178,-0.000165142881651,0.000800762356145,within_noise,0.00759853561826,-0.013973102382,/Users/richard/Desktop/pp/finance/StockWatch/.research/research_runs/20260619T055548650586Z/metadata.json,,,
2c242338,2933de1b,2026-06-19T06:00:20+00:00,success,"cs_return is the strongest signal-carrier (-0.0031 when dropped); adding a short 5-bar cross-sectional window captures faster relative-strength rotation that the [10,20] windows miss","ROC AUC rises if short-horizon cross-sectional momentum adds signal; flat/down means [10,20] already captured it","model_features.classifier.cs_return_windows: [10, 20] -> [5, 10, 20]",-0.00109870234564,0.0003829775387,within_noise,0.591430635043,-0.00100171027526,0.00171033066471,0.0136380092111,0.00186147813804,within_noise,0.183695248552,-0.000781820906157,0.00452443347649,within_noise,0.00738504953851,-0.0133831486937,/Users/richard/Desktop/pp/finance/StockWatch/.research/research_runs/20260619T055838047319Z/metadata.json,,,
3ef143f8,2933de1b,2026-06-19T06:13:31+00:00,success,own return was collapsed to [5]; re-adding a 2-bar return gives the lean gate a very-short-horizon momentum/reversal term that may carry signal now that the noise families are gone,ROC AUC rises if 2-bar return is informative; flat/down confirms [5] is the return floor,"model_features.classifier.return_windows: [5] -> [2, 5]",-0.000576749025035,0.0009049308593,within_noise,0.351923205583,-0.000712694999126,0.00220478688147,0.010389310539,-0.00138722053411,within_noise,0.0657592019162,-4.15236528976e-05,0.00661712909143,within_noise,0.00656939513635,-0.0105789614572,/Users/richard/Desktop/pp/finance/StockWatch/.research/research_runs/20260619T060023770801Z/metadata.json,,,
10b068ee,2933de1b,2026-06-19T06:15:18+00:00,success,"the kept EMAs are [8,21]; a fast 5-bar EMA adds a shorter trend slope that may sharpen the gate's trend read","ROC AUC rises if a faster EMA adds trend signal beyond ema[8,21] and sma[20,50]","model_features.classifier.ema_windows: [8, 21] -> [5, 8, 21]",-0.000959813852233,0.000521866032102,within_noise,0.57100141826,-0.00112256154716,0.00218070865341,0.0118332995595,5.67684864609e-05,within_noise,0.710428271898,-0.00191451074974,0.0012302386691,within_noise,0.0067684480829,-0.0147606437998,/Users/richard/Desktop/pp/finance/StockWatch/.research/research_runs/20260619T061333988493Z/metadata.json,,,
0021f9ce,2933de1b,2026-06-19T06:18:23+00:00,success,Short cross-sectional return (5) helped; a 3-bar window pushes the relative-strength horizon even shorter to see if faster rotation adds more signal,"ROC AUC above the lean base and at or above the +0.00065 from cs_return[5,10,20]; flat vs that means 3 is redundant with 5","model_features.classifier.cs_return_windows: [10, 20] -> [3, 5, 10, 20]",-0.00149624729786,-1.45674135265e-05,within_noise,0.993964216506,-0.00143157526169,0.0013720708943,0.0134614887081,0.001684957635,within_noise,0.650782510962,-0.00233288805699,0.00370686911407,within_noise,0.00750619855789,-0.0146481630985,/Users/richard/Desktop/pp/finance/StockWatch/.research/research_runs/20260619T061634882751Z/metadata.json,,,
ae352ebe,2933de1b,2026-06-19T06:20:02+00:00,success,sector_return is a signal-carrier kept only at [21]; adding a short 10-bar own-sector relative return captures faster sector rotation,ROC AUC rises if short sector momentum adds signal beyond the 21-bar window,"model_features.classifier.sector_return_windows: [21] -> [10, 21]",-0.000786284973527,0.000695394910808,within_noise,0.475428510306,-0.000943637512145,0.00221354917142,0.0141035819427,0.00232705086959,significant_improvement,0.0118575798147,0.000952335187846,0.00654808535312,within_noise,0.00862346119419,-0.0184886553462,/Users/richard/Desktop/pp/finance/StockWatch/.research/research_runs/20260619T061826444800Z/metadata.json,,,
59f2d87e,2933de1b,2026-06-19T06:21:41+00:00,success,"drawdown is a modest signal-carrier at [10,20]; a short 5-bar drawdown measures very recent pullback depth that may sharpen the downside-risk read","ROC AUC rises if recent-pullback depth adds signal; flat means [10,20] sufficed","model_features.classifier.drawdown_windows: [10, 20] -> [5, 10, 20]",-0.0011720965086,0.000309583375736,within_noise,0.720339109214,-0.00115722172005,0.00179289587181,0.0106632221778,-0.00111330889529,within_noise,0.897928668393,-0.0022746010995,0.00244269862903,within_noise,0.0079331199492,-0.0136611766722,/Users/richard/Desktop/pp/finance/StockWatch/.research/research_runs/20260619T062005153519Z/metadata.json,,,
544ac55b,2c242338,2026-06-19T06:24:24+00:00,success,"Stacking the two short-horizon winners — cs_return[5,10,20] (already in this parent) plus short sector[10,21] — should compound their AUC gains into the best lean model so far","ROC AUC above 0.5174 (the sector[10,21]-alone level), confirming the two short signals are complementary","model_features.classifier.sector_return_windows: [21] -> [10, 21]",-0.00208441615697,-0.000985713811337,within_noise,0.193242234911,-0.00254278377788,0.000456198156296,0.0150315289128,0.0013935197017,within_noise,0.510259764585,-0.00159240218356,0.00351377908637,within_noise,0.00656045309924,-0.0138716272399,/Users/richard/Desktop/pp/finance/StockWatch/.research/research_runs/20260619T062245330685Z/metadata.json,,,
968d47f5,2933de1b,2026-06-19T06:26:15+00:00,success,"Short sector was a big winner at 10 bars; adding a 5-bar window too captures even faster sector rotation on top of [10,21]","ROC AUC at or above sector[10,21]; flat means 5-bar is redundant with 10-bar","model_features.classifier.sector_return_windows: [21] -> [5, 10, 21]",-0.000821493409619,0.000660186474717,within_noise,0.493586555473,-0.00102640608219,0.00217697846174,0.0135024016261,0.00172587055298,significant_improvement,0.0163128796863,0.000803753300247,0.00829178777048,within_noise,0.00782669699939,-0.0180005790173,/Users/richard/Desktop/pp/finance/StockWatch/.research/research_runs/20260619T062427043759Z/metadata.json,,,
e7f3af67,2933de1b,2026-06-19T06:27:48+00:00,success,"Testing whether a 5-bar short sector window alone beats the 10-bar one, to locate the best single short-sector horizon","ROC AUC up vs lean base; comparison with sector[10,21] picks the better short window","model_features.classifier.sector_return_windows: [21] -> [5, 21]",-0.000933703232259,0.000547976652077,within_noise,0.550415052718,-0.00111849800292,0.00218019439887,0.0123930311112,0.000616500038116,within_noise,0.699048265462,-0.00208993379543,0.00333066385316,within_noise,0.0063666871885,-0.0127658105541,/Users/richard/Desktop/pp/finance/StockWatch/.research/research_runs/20260619T062617875409Z/metadata.json,,,
3765530e,2933de1b,2026-06-19T06:30:59+00:00,success,10-bar short sector was the winner; an 8-bar window tests whether a slightly faster sector horizon is even better,"ROC AUC near sector[10,21]; brackets the optimal short-sector horizon from below","model_features.classifier.sector_return_windows: [21] -> [8, 21]",-0.00242664269456,-0.000944962810227,within_noise,0.133249042167,-0.00258006716038,0.000399579124279,0.0120199245853,0.00024339351223,within_noise,0.971577703389,-0.00243911058679,0.00280920342258,within_noise,0.00732639464945,-0.0230200925417,/Users/richard/Desktop/pp/finance/StockWatch/.research/research_runs/20260619T062916968011Z/metadata.json,,,
4a5e1bbd,2933de1b,2026-06-19T06:32:40+00:00,success,"A 12-bar short sector window brackets the optimum from above; if AUC falls vs 10, the short-sector horizon peaks near 10 bars","ROC AUC near or below sector[10,21]; locates the short-sector horizon peak","model_features.classifier.sector_return_windows: [21] -> [12, 21]",-0.000683932511242,0.000797747373094,within_noise,0.384833200365,-0.00085891772043,0.0026017442725,0.0132645695613,0.00148803848825,within_noise,0.333839888506,-0.00142010095828,0.00429323998255,within_noise,0.0076468667826,-0.0137484604062,/Users/richard/Desktop/pp/finance/StockWatch/.research/research_runs/20260619T063102467275Z/metadata.json,,,
d26b773a,544ac55b,2026-06-19T06:34:21+00:00,success,"On top of the best combine (cs_return[5,10,20] + sector[10,21]), a faster 10-bar SMA is the last untested short-trend term; it may add a quicker trend read the [20,50] SMAs miss",ROC AUC above the combine if faster trend adds signal; flat/down confirms the combine is the peak,"model_features.classifier.sma_windows: [20, 50] -> [10, 20, 50]",-0.00194641588026,0.000138000276709,within_noise,0.889725655942,-0.0013806079409,0.0014716958078,0.0150538925312,2.23636184277e-05,within_noise,0.692936709251,-0.00160058704443,0.00241067871534,within_noise,0.00761104063356,-0.0149725568972,/Users/richard/Desktop/pp/finance/StockWatch/.research/research_runs/20260619T063243830876Z/metadata.json,,,
b4244cc3,544ac55b,2026-06-19T06:43:40+00:00,success,The ranker runs full-capacity trees (num_leaves 31) on a noisy thin target; halving to 15 leaves should reduce overfitting and steady the traded basket,"ranker top-k net return up or flat, stab_std down",ranker.num_leaves: 31 -> 15,-0.001783206713,0.000301209443974,within_noise,0.630272062846,-0.00109567116862,0.001812680428,0.0150315289128,0,within_noise,1,0,0,within_noise,0.00814097566333,-0.0261339039781,/Users/richard/Desktop/pp/finance/StockWatch/.research/research_runs/20260619T064139431475Z/metadata.json,,,
060cad70,544ac55b,2026-06-19T06:45:27+00:00,success,"min_data_in_leaf 20 is permissive for a small post-gate cohort; raising to 50 forces leaves onto more support, smoothing rank scores","ranker top-k net return up or flat, fold stability improves",ranker.min_data_in_leaf: 20 -> 50,-0.00168934532238,0.000395070834597,within_noise,0.546735034038,-0.000904177971052,0.00174884313835,0.0150315289128,0,within_noise,1,0,0,within_noise,0.00780879691822,-0.0171693066945,/Users/richard/Desktop/pp/finance/StockWatch/.research/research_runs/20260619T064343762009Z/metadata.json,,,
afdffe72,544ac55b,2026-06-19T06:47:14+00:00,success,feature_fraction 1.0 lets every tree see the full collinear feature set; subsampling to 0.8 decorrelates trees and curbs variance (a fresh untouched knob),ranker top-k net return up or flat,ranker.feature_fraction: 1 -> 0.8,-0.00171513899802,0.000369277158953,within_noise,0.567875058521,-0.000921710512799,0.0017575102741,0.0150315289128,0,within_noise,1,0,0,within_noise,0.00622336547899,-0.0142337833786,/Users/richard/Desktop/pp/finance/StockWatch/.research/research_runs/20260619T064530843934Z/metadata.json,,,
f6361644,afdffe72,2026-06-19T06:49:53+00:00,success,"All three iter-1 regularizers (num_leaves 15, min_data_in_leaf 50, feature_fraction 0.8) trended the ranker up independently; stacking them on the ff=0.8 parent should compound into a larger, possibly detectable gain","ranker top-k net return up more than any single knob, stab_std at or below the ff=0.8 level",ranker.min_data_in_leaf: 20 -> 50; ranker.num_leaves: 31 -> 15,-0.00293609017144,-0.00122095117342,within_noise,0.097001542901,-0.00267122956034,0.000185505190112,0.0150315289128,0,within_noise,1,0,0,within_noise,0.00755919654536,-0.0243256730137,/Users/richard/Desktop/pp/finance/StockWatch/.research/research_runs/20260619T064823128667Z/metadata.json,,,
a71eff56,b4244cc3,2026-06-19T06:51:26+00:00,success,num_leaves 15 helped; pushing further to 7 tests whether even simpler trees keep improving generalization or start to under-fit,ranker top-k net return at or above the num_leaves=15 level; a fall marks 15 as near the floor,ranker.num_leaves: 15 -> 7,-0.00201450174338,-0.000231295030381,within_noise,0.742421787682,-0.00174907521479,0.00121949031851,0.0150315289128,0,within_noise,1,0,0,within_noise,0.00706729794565,-0.015190839618,/Users/richard/Desktop/pp/finance/StockWatch/.research/research_runs/20260619T064956436465Z/metadata.json,,,
ba84c2ab,544ac55b,2026-06-19T06:53:17+00:00,success,"Slower learning (0.05 -> 0.03) lets the 200 boosting rounds fit the rank target more gradually, a fresh untouched knob that often helps noisy targets generalize",ranker top-k net return up or flat,ranker.learning_rate: 0.05 -> 0.03,-0.00203883244269,4.55837142844e-05,within_noise,0.890403495974,-0.00116738898093,0.00133567651022,0.0150315289128,0,within_noise,1,0,0,within_noise,0.00814306593883,-0.019300533377,/Users/richard/Desktop/pp/finance/StockWatch/.research/research_runs/20260619T065129353504Z/metadata.json,,,
25bcb6a7,544ac55b,2026-06-19T06:55:56+00:00,success,"volatility_windows [5,10,20] was confirmed noise for the classifier (AUC rose when dropped); the ranker still carries the full set, so dropping it should cut variance from the rank scores","ranker top-k net return up or flat, stab_std down","model_features.ranker.volatility_windows: [5, 10, 20] -> []",-0.00164799196187,0.000436424195106,within_noise,0.555974621055,-0.00101008381541,0.00207046986199,0.0150315289128,0,within_noise,1,0,0,within_noise,0.00834294980919,-0.0173839971268,/Users/richard/Desktop/pp/finance/StockWatch/.research/research_runs/20260619T065411781173Z/metadata.json,,,
612c6c57,544ac55b,2026-06-19T06:57:37+00:00,success,"cs_volatility_windows [10,20] (cross-sectional volatility) was classifier noise and is the cross-sectional mirror of an already-noisy family; dropping it from the ranker should be neutral-to-positive",ranker top-k net return up or flat,"model_features.ranker.cs_volatility_windows: [10, 20] -> []",-0.00259956493544,-0.000515148778468,within_noise,0.511554764531,-0.00185668767914,0.000944179120535,0.0150315289128,0,within_noise,1,0,0,within_noise,0.00768726481601,-0.0172415426493,/Users/richard/Desktop/pp/finance/StockWatch/.research/research_runs/20260619T065558992879Z/metadata.json,,,
67105f7c,544ac55b,2026-06-19T06:59:26+00:00,success,"relative_volume_windows [20,50] was prunable for the classifier; volume-surge information is already gated upstream, so it likely adds noise to the ranker's ordering",ranker top-k net return up or flat,"model_features.ranker.relative_volume_windows: [20, 50] -> []",-0.00161753151415,0.000466884642824,within_noise,0.451884025644,-0.000774848533117,0.00186559473,0.0150315289128,0,within_noise,1,0,0,within_noise,0.00714121597931,-0.0134049740303,/Users/richard/Desktop/pp/finance/StockWatch/.research/research_runs/20260619T065740380354Z/metadata.json,,,
943adbe4,544ac55b,2026-06-19T07:01:49+00:00,success,"runup_windows [1,3,10] (short trailing run-up) was classifier noise; in the ranker it likely duplicates return_windows momentum and adds variance","ranker top-k net return up or flat, stab_std down","model_features.ranker.runup_windows: [1, 3, 10] -> []",-0.00186916010415,0.000215256052827,within_noise,0.699808602898,-0.00102237560434,0.00150747150838,0.0150315289128,0,within_noise,1,0,0,within_noise,0.00851504382971,-0.021456369586,/Users/richard/Desktop/pp/finance/StockWatch/.research/research_runs/20260619T070002907962Z/metadata.json,,,
8f5fa47a,544ac55b,2026-06-19T07:03:36+00:00,success,"overextension_windows [10,20] (distance above MA) was classifier noise and overlaps the sma/ema trend features the ranker already has",ranker top-k net return up or flat,"model_features.ranker.overextension_windows: [10, 20] -> []",-0.00168604718235,0.000398368974621,within_noise,0.596778143243,-0.00105177305877,0.00209696538093,0.0150315289128,0,within_noise,1,0,0,within_noise,0.0079280379813,-0.0214741064338,/Users/richard/Desktop/pp/finance/StockWatch/.research/research_runs/20260619T070152104589Z/metadata.json,,,
a10a4c21,544ac55b,2026-06-19T07:05:33+00:00,success,"volume_quality_windows [10,20] was classifier noise and a second volume family; dropping it from the ranker should be neutral-to-positive like relative_volume was",ranker top-k net return up or flat,"model_features.ranker.volume_quality_windows: [10, 20] -> []",-0.00167686368133,0.000407552475647,within_noise,0.537368797027,-0.00087744003641,0.0017047106431,0.0150315289128,0,within_noise,1,0,0,within_noise,0.00714131884565,-0.0126414797116,/Users/richard/Desktop/pp/finance/StockWatch/.research/research_runs/20260619T070338775313Z/metadata.json,,,
e718e853,544ac55b,2026-06-19T07:07:44+00:00,success,"All five own-stock noise families (relative_volume, volatility, runup, overextension, volume_quality) pruned favorably alone; dropping all five yields a lean ranker mirroring the lean classifier and should compound the variance reduction","ranker top-k net return above any single prune, stab_std down","model_features.ranker.overextension_windows: [10, 20] -> []; model_features.ranker.relative_volume_windows: [20, 50] -> []; model_features.ranker.runup_windows: [1, 3, 10] -> []; model_features.ranker.volatility_windows: [5, 10, 20] -> []; model_features.ranker.volume_quality_windows: [10, 20] -> []",-0.000521211451791,0.00156320470518,within_noise,0.0539765981775,8.40725927984e-05,0.00323807993743,0.0150315289128,0,within_noise,1,0,0,within_noise,0.00760135222596,-0.0139392511413,/Users/richard/Desktop/pp/finance/StockWatch/.research/research_runs/20260619T070615910917Z/metadata.json,,,
4dcc1559,544ac55b,2026-06-19T07:09:33+00:00,success,"A conservative two-family prune (relative_volume + volatility, the two strongest single prunes) brackets the aggressive five-drop in case stacking over-prunes like the regularization stack did",ranker top-k net return up; comparison with the five-drop shows whether deeper pruning keeps helping,"model_features.ranker.relative_volume_windows: [20, 50] -> []; model_features.ranker.volatility_windows: [5, 10, 20] -> []",-0.0012373094077,0.000847106749277,within_noise,0.292092751059,-0.000601722630788,0.00242452658853,0.0150315289128,0,within_noise,1,0,0,within_noise,0.00743418448614,-0.0140836156012,/Users/richard/Desktop/pp/finance/StockWatch/.research/research_runs/20260619T070746714008Z/metadata.json,,,
ca7fe138,544ac55b,2026-06-19T07:11:18+00:00,success,"cs_volume_quality_windows [10,20] is the last untested noise family; unlike cs_volatility it may prune favorably like its own-stock volume_quality sibling did",ranker top-k net return up or flat,"model_features.ranker.cs_volume_quality_windows: [10, 20] -> []",-0.00142194378454,0.000662472372436,within_noise,0.306173978395,-0.000601183492535,0.00202683016773,0.0150315289128,0,within_noise,1,0,0,within_noise,0.0077197422433,-0.0170115902256,/Users/richard/Desktop/pp/finance/StockWatch/.research/research_runs/20260619T070936087470Z/metadata.json,,,
9dc84562,e718e853,2026-06-19T07:13:57+00:00,success,cs_volume_quality pruned favorably alone (+0.00066); adding it to the five-family lean ranker should deepen the variance reduction without touching the signal-carrying cs_volatility/cs_return,"ranker top-k net return above the five-drop lean (-0.00052), stab_std at or below","model_features.ranker.cs_volume_quality_windows: [10, 20] -> []",-0.00136637100359,-0.000845159551797,within_noise,0.219905544388,-0.00221619188414,0.000559922667535,0.0150315289128,0,within_noise,1,0,0,within_noise,0.00786953118828,-0.0163398421484,/Users/richard/Desktop/pp/finance/StockWatch/.research/research_runs/20260619T071220063495Z/metadata.json,,,
67002ec7,e718e853,2026-06-19T07:15:30+00:00,success,"num_leaves 15 trended up on the full feature set; on the lean ranker (fewer, cleaner features) shallower trees may help more since each split now carries more signal — a re-probe under a new config family",ranker top-k net return up vs the lean base,ranker.num_leaves: 31 -> 15,-0.00199614469518,-0.00147493324339,within_noise,0.0657828073854,-0.00313756396012,3.95531691683e-05,0.0150315289128,0,within_noise,1,0,0,within_noise,0.00609356968268,-0.0114493419324,/Users/richard/Desktop/pp/finance/StockWatch/.research/research_runs/20260619T071359448085Z/metadata.json,,,
b86a801f,e718e853,2026-06-19T07:17:11+00:00,success,n_estimators is an untouched knob; on the lean feature set more boosting rounds (200 -> 300) can extract more from the cleaner features before overfitting,ranker top-k net return up or flat,ranker.n_estimators: 200 -> 300,-0.00106423242232,-0.00054302097053,within_noise,0.176384166395,-0.00135125617806,0.000209114586798,0.0150315289128,0,within_noise,1,0,0,within_noise,0.00746854485688,-0.0167081425519,/Users/richard/Desktop/pp/finance/StockWatch/.research/research_runs/20260619T071532511775Z/metadata.json,,,
c602dd6c,e718e853,2026-06-19T07:19:33+00:00,success,"Adding a short 5-bar cross-sectional window (cs_return [10,20] -> [5,10,20]) was the classifier's strongest single lever; on the lean ranker it should capture fast relative-strength rotation the [10,20] windows miss",ranker top-k net return above the lean base (-0.00052),"model_features.ranker.cs_return_windows: [10, 20] -> [5, 10, 20]",-0.00115860674862,-0.000637395296833,within_noise,0.325269149751,-0.00195147149535,0.000672215657397,0.0150315289128,0,within_noise,1,0,0,within_noise,0.00791512256011,-0.0179832752001,/Users/richard/Desktop/pp/finance/StockWatch/.research/research_runs/20260619T071806991019Z/metadata.json,,,
edab8917,e718e853,2026-06-19T07:20:58+00:00,success,"A short 10-bar own-sector window (sector_return [21] -> [10,21]) gave the classifier a significant gate gain; faster sector rotation should sharpen the lean ranker's ordering too",ranker top-k net return above the lean base,"model_features.ranker.sector_return_windows: [21] -> [10, 21]",-0.00103719690641,-0.000515985454618,within_noise,0.527550139144,-0.00209608243115,0.00103687871006,0.0150315289128,0,within_noise,1,0,0,within_noise,0.00655366369525,-0.0138102771956,/Users/richard/Desktop/pp/finance/StockWatch/.research/research_runs/20260619T071935742379Z/metadata.json,,,
dd8231e2,e718e853,2026-06-19T07:22:39+00:00,success,"return_windows [1,3,5,10] is the original collinear momentum set; the classifier collapsed returns hard, so trimming to [1,5] should cut redundancy from the lean ranker without losing the momentum read","ranker top-k net return up or flat, stab_std down","model_features.ranker.return_windows: [1, 3, 5, 10] -> [1, 5]",-0.00184615518084,-0.00132494372905,significant_regression,0.0438127716633,-0.00263985794123,-2.89458560364e-05,0.0150315289128,0,within_noise,1,0,0,within_noise,0.00766789154288,-0.0164016945508,/Users/richard/Desktop/pp/finance/StockWatch/.research/research_runs/20260619T072100837775Z/metadata.json,,,
6645d014,e718e853,2026-06-19T07:25:06+00:00,success,"relevance_bins defines the NDCG target; the current 4-level [.5,.75,.90] split may over-discretize a thin top basket. A coarser 3-level [.5,.90] binning focuses the ranker on the truly top relative-return names — a fresh untouched lever",ranker top-k net return up or flat vs the lean base,"ranker.relevance_bins: [-Infinity, 0.5, 0.75, 0.9, Infinity] -> [-Infinity, 0.5, 0.9, Infinity]",-0.000510445874596,1.07655771949e-05,within_noise,0.989091719454,-0.00129582200662,0.0014503778466,0.0150315289128,0,within_noise,1,0,0,within_noise,0.00692106281768,-0.0113927447552,/Users/richard/Desktop/pp/finance/StockWatch/.research/research_runs/20260619T072333845066Z/metadata.json,,,
c166d201,e718e853,2026-06-19T07:26:33+00:00,success,max_depth is unbounded (-1); capping depth at 6 regularizes tree shape independently of num_leaves and may steady the lean ranker's deep interactions — an untouched knob,"ranker top-k net return up or flat, stab_std down",ranker.max_depth: -1 -> 6,-0.00189263948665,-0.00137142803486,significant_regression,0.0334828441944,-0.00266095189427,-0.000153447846599,0.0150315289128,0,within_noise,1,0,0,within_noise,0.00870662000167,-0.0180718150376,/Users/richard/Desktop/pp/finance/StockWatch/.research/research_runs/20260619T072508704803Z/metadata.json,,,
d6a0f074,e718e853,2026-06-19T07:28:04+00:00,success,feature_fraction was favorable on the full feature set but untested on the lean ranker; mild subsampling (0.9) decorrelates trees with minimal feature starvation now that only signal-carriers remain,ranker top-k net return up or flat,ranker.feature_fraction: 1 -> 0.9,-0.00134890169616,-0.000827690244366,within_noise,0.209294707806,-0.00210680735546,0.0004361840815,0.0150315289128,0,within_noise,1,0,0,within_noise,0.00716245080044,-0.0153005871903,/Users/richard/Desktop/pp/finance/StockWatch/.research/research_runs/20260619T072635762365Z/metadata.json,,,
86e31bec,e718e853,2026-06-19T07:30:30+00:00,success,"min_data_in_leaf 50 was the strongest single regularizer on the full feature set (+0.00040) but is untested on the lean ranker; with fewer features each leaf is noisier, so more support per leaf may now help more",ranker top-k net return up or flat vs the lean base (-0.00052),ranker.min_data_in_leaf: 20 -> 50,-0.00159172344931,-0.00107051199752,within_noise,0.168438974984,-0.00261519921772,0.000401208524549,0.0150315289128,0,within_noise,1,0,0,within_noise,0.00646815692785,-0.013569530745,/Users/richard/Desktop/pp/finance/StockWatch/.research/research_runs/20260619T072900187956Z/metadata.json,,,
9f9c2ab7,e718e853,2026-06-19T07:31:57+00:00,success,n_estimators 300 hurt (overfit); the opposite end — fewer rounds (150) — adds regularization by early stopping the ensemble and may generalize better on the thin lean target,ranker top-k net return up or flat,ranker.n_estimators: 200 -> 150,-0.00119822887436,-0.000677017422567,within_noise,0.0652510339151,-0.00146567216383,-8.76181976722e-06,0.0150315289128,0,within_noise,1,0,0,within_noise,0.00761654303164,-0.0144244682415,/Users/richard/Desktop/pp/finance/StockWatch/.research/research_runs/20260619T073033020703Z/metadata.json,,,
da7b4ce9,e718e853,2026-06-19T07:33:36+00:00,success,runup was the weakest single prune (+0.00022); adding it back ablates the lean stack to test whether the five-drop needs runup or a four-drop (relvol+volatility+volume_quality+overext) is equivalent,ranker top-k net return near the lean base if runup is dispensable; a clear drop confirms runup belongs in the stack,"model_features.ranker.runup_windows: [] -> [1, 3, 10]",-0.00219095017874,-0.00166973872695,significant_regression,0.0218189929646,-0.00318094381071,-0.00041032795561,0.0150315289128,0,within_noise,1,0,0,within_noise,0.00731833637054,-0.0183184312302,/Users/richard/Desktop/pp/finance/StockWatch/.research/research_runs/20260619T073200146347Z/metadata.json,,,
fd20aa7c,e718e853,2026-06-19T07:36:08+00:00,success,learning_rate 0.03 was neutral on the full set and is untested on the lean ranker; a gentle slowdown to 0.04 may let the cleaner lean features fit slightly more smoothly without the under-fit seen at 0.03,ranker top-k net return up or flat vs the lean base (-0.00052),ranker.learning_rate: 0.05 -> 0.04,-0.00118809469598,-0.000666883244188,within_noise,0.367135461093,-0.00216144720214,0.000706195385582,0.0150315289128,0,within_noise,1,0,0,within_noise,0.00659664192913,-0.0120893214768,/Users/richard/Desktop/pp/finance/StockWatch/.research/research_runs/20260619T073434696256Z/metadata.json,,,
d2167578,e718e853,2026-06-19T07:37:43+00:00,success,"ema_windows [8,21] is the untouched trend dimension; a fast 5-bar EMA adds a quicker trend slope the lean ranker lacks, distinct from the cross-sectional carriers that regressed earlier",ranker top-k net return up or flat,"model_features.ranker.ema_windows: [8, 21] -> [5, 8, 21]",-0.00125784962837,-0.000736638176578,within_noise,0.217332536201,-0.00196140576148,0.000428392273172,0.0150315289128,0,within_noise,1,0,0,within_noise,0.00745208185058,-0.0154703553176,/Users/richard/Desktop/pp/finance/StockWatch/.research/research_runs/20260619T073611467269Z/metadata.json,,,
8b09421d,e718e853,2026-06-19T07:39:20+00:00,success,"Coarser relevance_bins [.5,.90] was the only non-regressing lever; pushing to a binary [.75] split focuses NDCG entirely on the truly top-quartile relative-return names the basket actually trades",ranker top-k net return up or flat vs the lean base,"ranker.relevance_bins: [-Infinity, 0.5, 0.75, 0.9, Infinity] -> [-Infinity, 0.75, Infinity]",-0.00175745383868,-0.00123624238689,within_noise,0.136769979038,-0.0029097482464,0.000309264360321,0.0150315289128,0,within_noise,1,0,0,within_noise,0.00632237584215,-0.0200395588278,/Users/richard/Desktop/pp/finance/StockWatch/.research/research_runs/20260619T073746463044Z/metadata.json,,,
